z,delta_dvch,delta_lcdm,f_dvch,f_lcdm,fsigma8_dvch,fsigma8_lcdm
100.00000000000003,0.013989607785786038,0.012858370085121966,1.0,1.0,0.010428138139033916,0.010428138139033915
99.070183851594,0.014119558605196484,0.012977829279765592,0.9994951538128637,0.9997322542848928,0.01051969261331821,0.010522201517005064
98.14892768407735,0.014250655960821878,0.013098366376043202,0.9990428745687958,0.9994729832084773,0.010612561473591884,0.010617176750104446
97.2361526934061,0.014382911319304095,0.013219991818256342,0.9986048695248592,0.9992219728207614,0.010706356958499138,0.010713071813608378
96.33178080101393,0.01451633622596247,0.013342716142115216,0.9981807802876568,0.9989790142777244,0.01080108686785452,0.010809894763164008
95.43573464713366,0.014650942323396416,0.013466549975659043,0.997770257010668,0.9987439037182106,0.010896759083158354,0.010907653735460238
94.54793758418016,0.014786741352504806,0.013591504040184065,0.9973729581753841,0.998516442143989,0.010993381568166316,0.01100635694890569
93.66831367019341,0.01492374515351299,0.013717589151179493,0.9969885504148431,0.9982964353028707,0.011090962369867906,0.011106012704313746
92.79678766234271,0.015061965667006514,0.013844816219271127,0.9966167083063984,0.9980836935748121,0.011189509619080003,0.011206629385594614
91.93328501049065,0.01520141493497466,0.013973196251172963,0.9962571141513689,0.9978780318609135,0.011289031530833908,0.011308215460454612
91.07773185081567,0.015342105101862628,0.014102740350646906,0.9959094577995302,0.9976792694752159,0.011389536405206086,0.011410779481102598
90.23005499949392,0.015484048415630504,0.014233459719470468,0.995573436488613,0.9974872300392306,0.011491032628277574,0.011514330084963595
89.39018194643947,0.015627257228821113,0.014365365658412664,0.9952487546304504,0.9973017413791477,0.01159352867243689,0.011618875995400043
88.55804084910127,0.015771743999637804,0.014498469568218271,0.9949351236336559,0.9971226354256002,0.011697033097042234,0.01172442602244023
87.73356052631802,0.015917521293029785,0.014632782950600325,0.9946322617652842,0.9969497481159316,0.011801554549495533,0.01183098906351407
86.91667045222955,0.016064601781785114,0.014768317409241036,0.9943398939688516,0.9967829192989254,0.011907101765767033,0.011938574104196619
86.10730075024368,0.016212998247634308,0.014905084650801382,0.9940577516827295,0.9966219926418916,0.012013683570869564,0.012047190218959154
85.30538218705908,0.016362723582362744,0.015043096485939145,0.9937855727015769,0.9964668155400548,0.012121308879799708,0.012156846571927718
84.51084616674342,0.016513790788930248,0.015182364830335696,0.9935231010402925,0.9963172390281889,0.012229986698477644,0.01226755241764946
83.72362472486519,0.0166662129826008,0.015322901705731638,0.9932700867504581,0.996173117694438,0.012339726124066972,0.01237931710186685
82.94365052268024,0.01682000339208224,0.015464719240971234,0.9930262857772437,0.996034309596249,0.012450536345737916,0.012492150062299576
82.17085684137193,0.016975175360673955,0.015607829673055766,0.9927914598504133,0.9959006761783807,0.01256242664582229,0.012606060829434393
81.40517757634348,0.017131742347423203,0.015752245348206084,0.9925653763222025,0.9957720821929131,0.012675406400273018,0.012721059027323008
80.64654723156369,0.01728971792829252,0.015897978722934178,0.9923478080180109,0.9956483956212031,0.012789485079235148,0.012837154374387755
79.89490091396465,0.017449115797336275,0.01604504236512399,0.9921385331283211,0.9955294875977733,0.012904672248105072,0.01295435668423576
79.1501743278903,0.01760994976788511,0.016193448955121675,0.9919373350897409,0.995415232336009,0.013020977568425681,0.013072675866480818
78.41230376959686,0.017772233773741156,0.016343211286835167,0.991744002427666,0.9953055070556992,0.013138410798245041,0.013192121927573902
77.68122612180383,0.017935981870383873,0.016494342268843238,0.9915583286419674,0.9952001919122998,0.013256981792992707,0.01331270497164158
76.95687884829452,0.0181012082361841,0.016646854925514317,0.9913801121195732,0.9950991699279352,0.013376700506689076,0.013434435201333238
76.23919998856697,0.018267927173627668,0.01680076239813486,0.9912091559891364,0.9950023269240372,0.013497576992355959,0.013557322918676305
75.52812815253398,0.018436153110550746,0.016956077946047577,0.9910452679986146,0.9949095514556163,0.013619621402689252,0.013681378525940167
74.82360251527142,0.018605900601384708,0.01711281494779964,0.9908882604325525,0.9948207347471238,0.01374284399124298,0.01380661252650886
74.12556281181578,0.018777184328409267,0.017270986902300733,0.9907379500045989,0.9947357706298243,0.01386725511325537,0.013933035525761953
73.43394933200868,0.018950019103017662,0.01743060742999139,0.9905941577232593,0.9946545554806916,0.013992865226068348,0.014060658231964623
72.74870291538943,0.01912441986699265,0.01759169027402137,0.99045670880249,0.9945769881627432,0.01411968489013462,0.014189491457166107
72.0697649461347,0.019300401693790922,0.017754249301438336,0.9903254325888731,0.9945029699668148,0.014247724770243105,0.014319546118107266
71.39707734804412,0.019477979789838448,0.017918298504387087,0.9902001624315783,0.9944324045547046,0.014376995635907422,0.01445083323713701
70.73058257957265,0.01965716949583801,0.018083852001319158,0.9900807355825232,0.9943651979036828,0.014507508362145056,0.014583363943137789
70.0702236289087,0.019837986288086244,0.018250924038212993,0.9899669931343955,0.9943012582522985,0.014639273930784912,0.014717149472459926
69.41594400909695,0.02002044577980024,0.01841952898980502,0.9898587799208103,0.994240496047483,0.014772303431207808,0.014852201169865423
68.76768775320666,0.02020456372245667,0.01858968136083134,0.9897559444026801,0.9941828238929002,0.014906608060847829,0.0149885304894808
68.12539940954447,0.020390356007142216,0.01876139578728038,0.9896583386006815,0.9941281564985123,0.015042199126349017,0.015126148995759228
67.4890240369107,0.020577838665913013,0.01893468703765667,0.9895658180311295,0.9940764106313366,0.015179088044764042,0.015265068364452187
66.85850719989988,0.020767027873165884,0.01910957001425567,0.9894782415905335,0.9940275050673525,0.015317286343952411,0.015405300383590349
66.2337949642445,0.020957939947022358,0.019286059754449768,0.9893954714751804,0.9939813605445552,0.015456805663476037,0.015546856954474244
65.61483389220118,0.021150591350722694,0.019464171431985856,0.9893173731353222,0.9939378997170892,0.015597657756016606,0.015689750092674367
65.0015710379798,0.021344998694030042,0.019643920358294167,0.9892438151808699,0.9938970471104649,0.015739854488026582,0.015833991929040975
64.39395394321464,0.02154117873464825,0.019825321983808687,0.989174669286363,0.9938587290778338,0.015883407840333538,0.01597959471072381
63.791930632476806,0.021739148379651317,0.020008391899299403,0.9891098101422826,0.9938228737572598,0.016028329909456726,0.016126570802201423
63.19544960882844,0.0219389246869222,0.020193145837216202,0.9890491153955367,0.9937894110300063,0.0161746329087458,0.016274932686320603
62.6044598494178,0.02214052486660477,0.020379599673044677,0.9889924655480287,0.9937582724797869,0.016322329168819566,0.016424692965345666
62.018910801114515,0.022343966282569128,0.02056776942667413,0.9889397438932301,0.9937293913529758,0.01647143113859086,0.016575864362018213
61.4387523761854,0.022549266453886944,0.020757671263777523,0.9888908364823059,0.9937027025197245,0.016621951386771597,0.01672845972062655
60.86393494801013,0.02275644305631815,0.02094932149720374,0.9888456320343554,0.9936781424359828,0.016773902602440844,0.016882492008085486
60.29440934683588,0.02296551392381244,0.021142736588382324,0.9888040218584764,0.9936556491064104,0.01692729759577638,0.017037974315026676
59.73012685557149,0.02317649705002223,0.02133793314874056,0.9887658998209191,0.9936351620481401,0.01708214929953325,0.0171949198568992
59.17103920562043,0.02338941058982594,0.02153492794113319,0.9887311622872408,0.9936166222553802,0.017238470770095098,0.017353341975080615
58.617098572751544,0.023604272860865826,0.02173373788128502,0.9886997080345109,0.9935999721648408,0.01739627518798611,0.017513254137998906
58.06825757300834,0.023821102345099297,0.021934380039246186,0.9886714382031099,0.9935851556219395,0.017555575859042823,0.017674669942264565
57.52446925865597,0.024039917690360704,0.022136871640860444,0.9886462562706567,0.9935721178478023,0.01771638621597397,0.017837603113813813
56.985687114164975,0.02426073771193611,0.022341230069246695,0.9886240679669305,0.9935608054070155,0.01787871981886764,0.018002067509062573
56.45186505223255,0.024483581394153242,0.022547472866293543,0.9886047812115408,0.9935511661761255,0.018042590356070944,0.018168077116071334
55.92295740984037,0.024708467891983374,0.022755617734167233,0.9885883060939333,0.9935431493128548,0.01820801164582521,0.018335646055720974
55.39891894434831,0.02493541653265467,0.022965682536833208,0.9885745548155251,0.9935367052260263,0.018374997637214494,0.018504788582899757
54.87970482962452,0.025164446817281003,0.02317768530159114,0.9885634416151142,0.9935317855461808,0.018543562410781853,0.018675519087701545
54.36527065221119,0.02539557842250491,0.02339164422062364,0.9885548827343754,0.9935283430968614,0.01871372017986658,0.018847852096635087
53.85557240752509,0.02562883120215151,0.02360757765255901,0.9885487963958232,0.9935263318665534,0.018885485292179413,0.01902180227384484
53.35056649609362,0.025864225188896767,0.023825504124047856,0.9885451027233584,0.9935257069812719,0.019058872230285864,0.019197384422343214
52.85020971982547,0.02610178059595175,0.024045442331353695,0.988543723693808,0.9935264246777726,0.019233895612647725,0.019374613485254242
52.3544592783151,0.02634151781875934,0.024267411141958153,0.9885445831270457,0.9935284422773667,0.019410570195406054,0.019553504547068994
51.86327276518192,0.026583457436703255,0.024491429596180187,0.9885476066272718,0.9935317181603426,0.019588910873220844,0.01973407283491263
51.37660816444272,0.02682762021483405,0.024717516908810057,0.9885527215209489,0.9935362117409591,0.019768932680018763,0.01991633371982324
50.89442384691761,0.027074027105609688,0.024945692470757876,0.988559856834877,0.993541883443009,0.01995065079051911,0.02010030271804255
50.41667856666917,0.027322699250647495,0.025175975850716924,0.9885689432744835,0.9935486946759522,0.020134080521773075,0.02028599549231888
49.94333145747421,0.027573657982492377,0.025408386796841917,0.988579913151562,0.9935566078115637,0.020319237333676556,0.020473427853221683
49.47434202932804,0.027826924826401683,0.02564294523844235,0.9885927003478138,0.9935655861611317,0.02050613683018109,0.02066261576046866
49.00967016498111,0.02808252150214269,0.02587967128769097,0.9886072403122476,0.9935755939531588,0.020694794761205067,0.020853575324264836
48.54927611650726,0.028340469925804124,0.026118585241347695,0.9886234700017199,0.9935865963115771,0.020885227023374548,0.02104632280665423
48.0931205019037,0.028600792211625762,0.026359707582498976,0.9886413278302936,0.9935985592344497,0.02107744966092028,0.021240874622883845
47.64116430172236,0.028863510673842904,0.026603058982312737,0.9886607536587967,0.9936114495731484,0.021271478867414133,0.021437247342780033
47.19336885573214,0.02912864782854324,0.026848660301809175,0.9886816887704715,0.9936252350120109,0.021467330987222605,0.021635457692137802
46.74969585961185,0.02939622639554176,0.02709653259364741,0.9887040758069936,0.9936398840484473,0.021665022516098646,0.021835522554122563
46.31010736167377,0.02966626930027265,0.027346697103928164,0.9887278587426185,0.9936553659734946,0.021864570102574456,0.022037458970684706
45.87456575961726,0.029938799675694586,0.027599175274012715,0.9887529828857917,0.9936716508528128,0.022065990549966812,0.02224128414398723
45.44303379731217,0.030213840864211618,0.02785398874235823,0.9887793948195225,0.9936887095080966,0.02226930081703788,0.02244701543784612
45.01547456161207,0.03049141641961302,0.02811115934636949,0.9888070423610353,0.9937065134989168,0.02247451801905588,0.022654670379184078
44.59185147919669,0.030771550109028756,0.02837070912426734,0.988835874561306,0.9937250351049526,0.022681659429752185,0.022864266659497083
44.172128313443345,0.03105426591489821,0.02863266031697401,0.9888658416760495,0.9937442473086359,0.022890742482646716,0.023075822136334637
43.756269161327396,0.031339588036958584,0.028897035370015183,0.9888968951104311,0.9937641237781691,0.02310178477175745,0.02328935483479289
43.34423845035107,0.031627540894250995,0.02916385693543933,0.9889289874028024,0.9937846388509283,0.023314804053191963,0.023504882949021512
42.936000935500516,0.03191814912714048,0.029433147873754353,0.988962072227281,0.9938057675172345,0.023529818247195442,0.023722424843744136
42.53152169623108,0.032211437599353056,0.029704931255881466,0.9889961043348873,0.9938274854044774,0.023746845438758424,0.023941999055792036
42.130766133480165,0.032507431400033183,0.029979230365126775,0.9890310395223046,0.9938497687616066,0.023965903878850597,0.024163624295652098
41.73369996670753,0.0328061558458167,0.030256068699170628,0.9890668346394728,0.9938725944439483,0.024187011986592215,0.02438731944902815
41.34028923096313,0.03310763648291854,0.030535469972074694,0.9891034475548245,0.9938959398983674,0.02441018835041924,0.024613103578416312
40.95050027398163,0.033411899089241644,0.03081745811630714,0.9891408371084411,0.9939197831487538,0.02463545172893436,0.02484099592469435
40.5642997533038,0.03371896967650387,0.031102057284786173,0.9891789631045543,0.9939441027818282,0.024862821052713875,0.02507101590872521
40.18165463342447,0.0340288744923793,0.03138929185294169,0.989217786312011,0.9939688779332543,0.02509231542633372,0.02530318313297438
39.802532182966665,0.03434164002265863,0.03167918642079565,0.9892572684070922,0.9939940882740644,0.025323954128951595,0.025537517383141955
39.42689997188171,0.03465729299343049,0.03197176581506112,0.9892973719506982,0.9940197139973747,0.02555775661572922,0.02577403862980874
39.05472586867525,0.034975860373278315,0.03226705509126007,0.9893380604010839,0.9940457358053885,0.02579374252017657,0.026012767030096813
38.685978037658685,0.03529736937549373,0.032565079535860235,0.9893792980734238,0.9940721348966883,0.026031931655143472,0.02625372292934466
38.320624936226,0.03562184746031205,0.0328658646684312,0.9894210501008269,0.9940988929537989,0.02627234401382391,0.02649692686279689
37.95863531215549,0.03594932233716619,0.03316943624381986,0.9894632824346663,0.9941259921310184,0.026514999771786184,0.026742399557308637
37.599978200936626,0.03627982196695533,0.03347582025434526,0.9895059618402064,0.9941534150425172,0.026759919288902066,0.02699016193306472
37.24462292312126,0.03661337456433456,0.033785042932013294,0.9895490558422713,0.9941811447506796,0.027007123109936613,0.027240235105313468
36.89253908169929,0.03695000860002564,0.034097130750751235,0.9895925327100311,0.9942091647547157,0.027256631966164766,0.027492640386115978
36.54369655949858,0.03728975280314344,0.034412110428662164,0.9896363614719101,0.994237458979495,0.027508466777827582,0.027747399286109746
36.198065516608686,0.037632636163540435,0.03473000893029969,0.989680511870246,0.9942660117646352,0.02776264865494843,0.028004533516287865
35.855616387828405,0.03797868793417399,0.0350508534689631,0.9897249543295292,0.9942948078538075,0.028019198898495017,0.028264064989793083
35.5163198801367,0.03832793763349209,0.03537467150901297,0.9897696599633988,0.9943238323842744,0.028278139002626115,0.028526015823727203
35.18014697018707,0.03868041504783438,0.03570149076820751,0.9898146005633798,0.9943530708766533,0.02853949065644696,0.02879040834097596
34.847068901824855,0.03903615023385556,0.03603133922005987,0.9898597485485126,0.9943825092248818,0.028803275744638496,0.02905726507204896
34.517057183627415,0.03939517352097001,0.036364245096216476,0.9899050769574113,0.9944121336864011,0.029069516349280566,0.029326608756935362
34.19008358646703,0.039757515513811945,0.036700236888856576,0.9899505594618188,0.9944419308725388,0.029338234752322556,0.029598462346974865
33.86612014109619,0.04012320709471491,0.03703934335311322,0.9899961703182606,0.9944718877390917,0.02960945343625077,0.029872849006744362
33.54513913575503,0.0404922794262148,0.037381593509515976,0.9900418843426052,0.9945019915771041,0.029883195085397343,0.030149792115960444
33.227113113800975,0.04086476395357043,0.03772701664645519,0.9900876769225672,0.9945322300038258,0.03015948258838657,0.03042931527139713
32.912014871360064,0.04124069240730051,0.038075642322668475,0.9901335239982678,0.9945625909538646,0.030438339039642732,0.03071144228881995
32.599817454999894,0.04162009680574383,0.03842750036974918,0.9901794020170439,0.9945930626705102,0.030719787740094293,0.030996197204935533
32.2904941594241,0.04200300945764017,0.03878262089467721,0.9902252879321217,0.994623633697229,0.031003852199200082,0.03128360427935697
31.98401852518797,0.04238946296472679,0.039141034282372325,0.9902711592121952,0.9946542928693363,0.03129055613733839,0.03157368799658538
31.680364336435048,0.04277949022435538,0.03950277119827024,0.990316993791957,0.9946850293058287,0.03157992348635432,0.031866473068007446
31.37950561865474,0.04317312443213235,0.03986786259092144,0.9903627700524577,0.9947158324013751,0.031871978391007284,0.03216198443390876
31.081416636460396,0.04357039908457629,0.04023633969461313,0.9904084668375704,0.9947466918184638,0.03216674521157712,0.03246024726550338
30.786071891387884,0.04397134798179218,0.04060823403201454,0.9904540634263161,0.9947775974797025,0.03246424852507308,0.03276128696697961
30.493446119714527,0.04437600523016947,0.04098357741684539,0.9904995394936629,0.9948085395602633,0.03276451312603779,0.03306512917756164
30.20351429029804,0.04478440524510036,0.04136240195656819,0.9905448751152568,0.9948395084804678,0.03306756402876872,0.033371799773587556
29.916251602435278,0.045196582753713195,0.04174474005510422,0.990590050770979,0.9948704948985179,0.0333734264695262,0.03368132487060357
29.631633483740927,0.04561257279762713,0.042130624415573414,0.9906350472963957,0.9949014897033573,0.033682125906999,0.033993730825474355
29.349635588045512,0.04603241073573007,0.04252008804305861,0.9906798458685341,0.9949324840076643,0.033993688023880524,0.03430904423850987
29.070233793312795,0.046456132246972565,0.042913164247394026,0.9907244280245586,0.9949634691409671,0.034308138729574486,0.03462729195560806
28.793404199576475,0.04688377333317887,0.04330988664597818,0.9907687756268752,0.9949944366428894,0.03462550416108123,0.034948501070414174
28.519123126895742,0.047315370321882495,0.0437102891666117,0.9908128708301158,0.9950253782565065,0.03494581068390695,0.03527269892649607
28.247367113329656,0.04775095986918064,0.04411440605036002,0.9908566960916513,0.9950562859218222,0.035269084894475944,0.035599913119536024
27.978112912930303,0.048190578962602974,0.044522271854440874,0.9909002341676886,0.9950871517693584,0.03559535362205945,0.035930171499538616
27.711337493754304,0.04863426492400302,0.04493392145513746,0.9909434680672262,0.995117968113849,0.03592464392918908,0.036263502173055
27.44701803589263,0.04908205541247167,0.04534939005073684,0.9909863810435057,0.9951487274480386,0.036256983113369716,0.0365999335054233
27.18513192951865,0.04953398842726503,0.045768713164494046,0.9910289566127068,0.9951794224365828,0.03659239870979325,0.036939494123025225
26.92565677295409,0.04999010231075052,0.04619192664762192,0.991071178513422,0.9952100459100474,0.036930918491898196,0.037282212915558874
26.66857037075272,0.05045043575137691,0.04661906668230725,0.9911130306800765,0.9952405908589992,0.03727257047239031,0.03762811903832779
26.413850731801872,0.0509150277866616,0.04705016978475263,0.9911544972584724,0.9952710504281873,0.0376173829058196,0.03797724191454569
26.161476067441264,0.051383917806191996,0.04748527280824506,0.9911955625937352,0.9953014179108141,0.03796538429014255,0.03832961123765772
25.911424789599163,0.05185714555464975,0.0479244129462511,0.9912362111881344,0.9953316867428865,0.03831660336711098,0.03868525697367729
25.66367550894585,0.0523347511348556,0.04836762773553849,0.9912764276983904,0.9953618504976497,0.03867106912412592,0.039044209363538925
25.418207033063908,0.05281677501082715,0.04881495505932501,0.9913161969521079,0.9953919028800994,0.0390288107968455,0.039406498925467034
25.174998364635417,0.05330325801085543,0.049266433150454356,0.991355503903813,0.9954218377215667,0.03938985786943997,0.039772156457360326
24.934028699645907,0.05379424133060415,0.04972210059459912,0.9913943336145797,0.9954516489743744,0.03975424007571091,0.040141213039191735
24.695277425604758,0.05428976653622464,0.05018199633349134,0.9914326712715877,0.9954813307065588,0.04012198740178867,0.04051370003542382
24.458724119781962,0.054789875567484034,0.050646159668180875,0.9914705021678983,0.9955108770966585,0.040493130087253255,0.040889649097439855
24.224348547461293,0.05529461074091607,0.051114630262321145,0.9915078116650928,0.9955402824285664,0.04086769862551574,0.04126909216598977
23.9921306602093,0.055804014752991064,0.05158744814548338,0.9915445851965388,0.9955695410864375,0.041245723765813286,0.04165206147365164
23.762050594160407,0.05631813068329632,0.0520646537164987,0.9915808082792547,0.9955986475496514,0.04162723651557297,0.04203858954730779
23.534088668317857,0.056837001997735684,0.052546287746828436,0.9916164664688437,0.99562759638783,0.04201226814039799,0.042428709210635726
23.308225382870063,0.05736067255175078,0.05303239138396335,0.9916515453448986,0.9956563822559013,0.04240085016526042,0.04282245358661388
23.084441417522658,0.05788918659355457,0.053523006154851054,0.9916860305332572,0.9956849998892134,0.042793014377249534,0.043219856100041594
22.86271762984591,0.05842258876737763,0.05401817396935241,0.9917199076780517,0.9957134440986909,0.04318879282618591,0.04362095048007332
22.643035053637156,0.058960924116736924,0.0545179371237271,0.9917531624096407,0.9957417097660289,0.043588217824994745,0.04402577076276697
22.425374897298507,0.059504238087720006,0.05502233830414821,0.9917857803539191,0.9957697918389267,0.043991321951837324,0.044434351293645875
22.209718542229464,0.06005257653227805,0.055531420590245816,0.9918177471374592,0.9957976853263572,0.04439813805207236,0.04484672673027412
21.99604754123417,0.06060598571153816,0.05604522745868068,0.9918490483432589,0.9958253852938667,0.04480869923800042,0.045262932044845626
21.784343616943545,0.06116451229913377,0.05656380278674681,0.991879669501812,0.9958528868589022,0.045223038890109424,0.04568300252678544
21.574588660251802,0.06172820338454519,0.057087190856004215,0.9919095961140932,0.9958801851861677,0.045641190659758524,0.046106973785364255
21.36676472876738,0.06229710647645168,0.057615436355941456,0.99193881361687,0.9959072754829994,0.04606318846923487,0.04653488175232495
21.1608540452782,0.0628712695061036,0.05814858438766813,0.9919673073563245,0.9959341529947645,0.04648906651211098,0.04696676268452123
20.956838996230985,0.06345074083070726,0.0586866804676376,0.9919950626025562,0.9959608130002746,0.046918859255459563,0.04740265316656774
20.754702130224572,0.06403556923681578,0.05922977053140009,0.9920220645466262,0.9959872508072167,0.047352601441258586,0.04784259011350181
20.554426156517177,0.06462580394373774,0.05977790093738595,0.9920482982588672,0.9960134617475881,0.04779032808591728,0.048286610773455294
20.355993943547325,0.065221494606961,0.060331118470719564,0.9920737486851563,0.9960394411731491,0.048232074481529275,0.048734752730337456
20.15938851746839,0.06582269132158249,0.0608894703470641,0.9920984006684679,0.9960651844508739,0.048677876198338646,0.04918705390652754
19.964593060696707,0.06642944462574761,0.06145300421649668,0.9921222389090422,0.9960906869584083,0.049127769084209884,0.049643552565576864
19.771590910472977,0.06704180550410757,0.06202176816741469,0.9921452479432378,0.9961159440795225,0.04958178926491419,0.05010428731491967
19.580365557436913,0.06765982539128411,0.06259581073047307,0.9921674121626958,0.9961409511995646,0.0500399731463719,0.05056929710859286
19.39090064421508,0.06828355617533732,0.06317518088255235,0.9921887158022267,0.996165703700904,0.05050235741533263,0.05103862124996302
19.203179964021675,0.06891305020124927,0.06375992805075814,0.9922091429015872,0.9961901969583719,0.05096897903866651,0.051512299394461405
19.017187459272158,0.0695483602744179,0.06435010211645174,0.9922286773070628,0.9962144263346776,0.05143987526459181,0.051990371552324825
18.832907220209755,0.07018953966415159,0.06494575341931201,0.9922473026890526,0.9962383871758227,0.05191508362471544,0.05247287809134338
18.65032348354451,0.07083664210717182,0.0655469327614286,0.9922650024987203,0.9962620748064864,0.05239464193288297,0.05295985973961282
18.469420631104878,0.07148972181112866,0.06615369141142678,0.9922817599521533,0.9962854845253934,0.052878588285348554,0.053451357588292094
18.290183188501793,0.07214883345811787,0.06676608110862349,0.9922975580523713,0.9963086116006563,0.05336696106290226,0.05394741309436443
18.11259582380497,0.07281403220819753,0.06738415406721503,0.9923123795679624,0.9963314512650929,0.0538597989306743,0.05444806808340182
17.93664334623138,0.07348537370291651,0.0680079629804963,0.9923262069991848,0.9963539987115041,0.05435714083716401,0.0549533647523314
17.762310704845913,0.07416291406884679,0.06863756102511143,0.992339022584412,0.9963762490879287,0.054859026015363944,0.05546334567220365
17.589582987273864,0.07484670992111074,0.06927300186533615,0.9923508083115163,0.9963981974928514,0.05536549398413722,0.05597805379096084
17.41844541842533,0.07553681836691294,0.06991433965739194,0.9923615458728773,0.9964198389703741,0.05587658454642045,0.05649753243620534
17.248883359231392,0.07623329700907806,0.07056162905379107,0.9923712166542994,0.9964411685053436,0.056392337789179715,0.057021825317966145
17.080882305391874,0.07693620394958373,0.07121492520771396,0.9923798017582193,0.9964621810184285,0.05691279408525207,0.0575509765314633
16.914427886134614,0.07764559779308741,0.07187428377741764,0.9923872819736539,0.9964828713611485,0.05743799409212998,0.058085030559868744
16.74950586298626,0.07836153765045961,0.0725397609306755,0.99239363774666,0.9965032343108473,0.057967978750641115,0.058624032277062116
16.58610212855426,0.07908408314231288,0.07321141334924881,0.9923988491914856,0.9965232645656082,0.05850278928588259,0.05916802695038128
16.42420270532012,0.07981329440251847,0.07388929823338944,0.9924028960934069,0.9965429567391081,0.05904246720763886,0.059717060243365414
16.26379374444381,0.08054923208172184,0.07457347330637369,0.9924057578642681,0.9965623053554079,0.05958705430791944,0.06027117821848996
16.104861524579107,0.08129195735085663,0.0752639968190674,0.9924074135356615,0.996581304843672,0.06013659266057904,0.06083042733989159
15.947392450699866,0.08204153190464365,0.07596092755452219,0.9924078417809956,0.9965999495328159,0.060691124622616714,0.06139485447608249
15.791373052937136,0.08279801796507773,0.07666432483260215,0.9924070208781852,0.9966182336460797,0.06125069283182058,0.061964506902651505
15.63678998542693,0.08356147828491299,0.07737424851464163,0.9924049286841488,0.996636151295519,0.061815340204964986,0.06253943230495154
15.483630025168608,0.08433197615113348,0.07809075900813356,0.9924015426501083,0.9966536964764123,0.06238510993841543,0.06311967878077115
15.331880070893828,0.08510957538840216,0.07881391727144794,0.9923968398145762,0.9966708630615839,0.06296004550729374,0.06370529484298883
15.181527141945832,0.08589434036250175,0.07954378481858067,0.9923907967607348,0.9966876447956322,0.06354019066227136,0.06429632942220796
15.032558377169067,0.08668633598376302,0.08028042372393245,0.9923833896136126,0.9967040352890595,0.0641255894287111,0.06489283186937117
14.884961033809127,0.08748562771046586,0.08102389662711681,0.9923745940587768,0.9967200280123044,0.06471628610711425,0.06549485195835106
14.73872248642263,0.0882922815522213,0.08177426673779824,0.9923643852989958,0.9967356162896768,0.06531232526946956,0.06610243988851748
14.5938302257973,0.08910636407333976,0.082531597840559,0.9923527380332197,0.9967507932931703,0.06591375175684824,0.06671564628727669
14.45027185788197,0.089927942396172,0.08329595429979457,0.9923396264744431,0.996765552036173,0.06652061067943439,0.06733452221258182
14.308035102726308,0.09075708420441804,0.0840674010646383,0.9923250243324283,0.9967798853670524,0.06713294741414431,0.06795911915541242
14.167107793430441,0.09159385774641678,0.0848460036739135,0.9923089047735592,0.9967937859626257,0.06775080760052919,0.06858948904222038
14.027477875104239,0.09243833183840908,0.08563182826111311,0.9922912404225313,0.9968072463214992,0.06837423713931029,0.06922568423733935
13.889133403836057,0.09329057586776056,0.08642494155940744,0.9922720033744561,0.9968202587572768,0.0690032821915309,0.06986775754535648
13.75206254567111,0.09415065979615318,0.08722541090667778,0.9922511651482909,0.9968328153916313,0.06963798917352879,0.07051576221344216
13.616253575599222,0.09501865416274945,0.08803330425057673,0.9922286966691115,0.9968449081472371,0.07027840475366479,0.07116975193363637
13.481694876551803,0.09589463008731325,0.0888486901536147,0.9922045682876324,0.9968565287405533,0.07092457585152125,0.07182978084508831
13.348374938408158,0.09677865927328459,0.08967163779827109,0.9921787497524359,0.9968676686744579,0.07157654963363733,0.07249590353624634
13.216282357010968,0.09767081401082119,0.09050221699213028,0.9921512101735527,0.9968783192307227,0.0722343735083851,0.07316817504699465
13.08540583319068,0.09857116717979694,0.09134049817304227,0.9921219180276584,0.9968884714623282,0.07289809512362667,0.073846650870735
12.955734171799058,0.09947979225274141,0.09218655241430565,0.9920908411618689,0.996898116185609,0.07356776236414096,0.0745313869564079
12.827256280751529,0.10039676329773498,0.0930404514298741,0.9920579467454105,0.996907243972229,0.07424342334502801,0.07522243971045203
12.699961170078339,0.10132215498125823,0.09390226757958478,0.9920232012559372,0.9969158451409719,0.07492512640738966,0.07591986599869667
12.573837950984535,0.10225604257097748,0.09477207387440728,0.9919865704978232,0.9969239097493547,0.07561292011623078,0.07662372314818425
12.44887583491847,0.10319850193846802,0.09564994398171389,0.9919480195652082,0.9969314275850432,0.07630685325402552,0.07733406894891887
12.32506413264901,0.10414960956188599,0.09653595223056859,0.99190751280919,0.996938388157073,0.07700697481429455,0.07805096165553647
12.202392253351153,0.10510944252857454,0.09743017361703503,0.9918650138468379,0.9969447806868711,0.07771333399814778,0.07877445998889313
12.080849703700098,0.10607807853759159,0.0983326838095018,0.9918204855543618,0.9969505940990622,0.07842598020942858,0.07950462313756607
11.960426086973632,0.10705559590217395,0.09924355915402482,0.9917738900191228,0.9969558170120606,0.07914496304636835,0.0802415107592639
11.841111102162825,0.10804207355213283,0.10016287667968457,0.991725188529611,0.9969604377284437,0.0798703322959056,0.08098518298214066
11.722894543090876,0.10903759103616108,0.10109071410395835,0.9916743415904602,0.9969644442250883,0.08060213792979186,0.08173570040600879
11.60576629754005,0.11004222852405819,0.1020271498381057,0.9916213088778103,0.9969678241430788,0.08134043009567024,0.08249312410344667
11.489716346386727,0.11105606680887965,0.10297226299256536,0.9915660492104494,0.9969705647773631,0.08208525910905944,0.08325751562079396
11.374734762744339,0.11207918730899447,0.10392613338236335,0.9915085205612044,0.9969726530661671,0.08283667544835153,0.08402893697903088
11.260811711114224,0.1131116720700391,0.10488884153253039,0.991448680038965,0.9969740755801416,0.08359472974715523,0.0848074506745344
11.14793744654432,0.11415360376678413,0.10586046868352676,0.9913864838424978,0.9969748185112508,0.08435947278393419,0.08559311967970608
11.036102313795576,0.11520506570490398,0.10684109679667407,0.9913218872540362,0.9969748676613817,0.08513095547461222,0.08638600744346507
10.925296746516024,0.11626614182262919,0.10783080855959183,0.991254844648519,0.9969742084306759,0.08590922886624923,0.08718617789160057
10.815511266422508,0.11733691669229042,0.10882968739163679,0.9911853094435112,0.9969728258055693,0.08669434412532202,0.08799369542697565
10.706736482489905,0.11841747552175833,0.10983781744934405,0.9911132340737253,0.9969707043465351,0.08748635252768408,0.0888086249295769
10.59896309014779,0.11950790415575807,0.11085528363186797,0.9910385700042292,0.9969678281755184,0.08828530545157358,0.08963103175640232
10.492181870484568,0.12060828907705098,0.11188217158642015,0.9909612677010368,0.9969641809630577,0.08909125436656933,0.09046098174117918
10.38638368945887,0.12171871740749926,0.11291856771370405,0.9908812765875032,0.9969597459150817,0.08990425082083757,0.09129854119390593
10.281559497118213,0.1228392769089987,0.11396455917334279,0.9907985450420426,0.9969545057593739,0.09072434643165121,0.09214377690020811
10.177700326824903,0.12397005598425859,0.11502023388929877,0.9907130203988009,0.9969484427316914,0.09155159287585464,0.09299675612050136
10.07479729448901,0.12511114367744267,0.11608568055528239,0.9906246488944194,0.9969415385615374,0.09238604187499483,0.09385754658895232
9.972841597808419,0.12626262967466934,0.11716098864014812,0.990533375646883,0.9969337744575656,0.09322774518288424,0.0947262165122285
9.871824515515902,0.12742460430434704,0.1182462483932743,0.9904391446676818,0.9969251310926218,0.09407675457587689,0.095602834568028
9.771737406633099,0.1285971585373418,0.11934155084992568,0.9903418988221238,0.9969155885883926,0.09493312183788861,0.09648746990337886
9.672571709731344,0.12978038398699038,0.1204469878365949,0.9902415797897357,0.9969051264996756,0.09579689874487446,0.09738019213269962
9.574318942199364,0.13097437290893918,0.12156265197632019,0.990138128064989,0.9968937237982369,0.09666813705266705,0.09828107133560844
9.476970699517649,0.1321792182007892,0.12268863669397714,0.9900314829483549,0.9968813588562612,0.09754688848347878,0.09919017805447213
9.380518654539548,0.1333950134015639,0.12382503622154045,0.9899215824920466,0.9968680094293738,0.09843320470747098,0.10010758329168228
9.28495455677894,0.13462185269099158,0.12497194560331347,0.9898083634830157,0.9968536526392324,0.09932713732737422,0.10103335850664864
9.190270231704528,0.13585983088857662,0.12612946070112116,0.9896917614523069,0.9968382649556676,0.10022873786526469,0.10196757561249585
9.096457580040566,0.1371090434524605,0.12729767819946428,0.9895717106269748,0.9968218221783686,0.10113805774309802,0.10291030697245299
9.003508577074046,0.1383695864780839,0.12847669561063035,0.9894481438945621,0.9968042994180968,0.10205514826384839,0.10386162539592195
8.911415271968282,0.1396415566966224,0.12966661127975768,0.9893209928069141,0.9967856710774173,0.10298006059609088,0.1048216041342114
8.820169787082795,0.14092505147318188,0.1308675243898491,0.9891901875603767,0.9967659108309356,0.10391284575565629,0.10579031687592312
8.72976431729944,0.14222016880476915,0.13207953496673114,0.9890556569424914,0.996744991605026,0.10485355458315859,0.10676783774197586
8.640191129354783,0.14352700731802398,0.13330274388395338,0.9889173283199597,0.9967228855570439,0.10580223772514848,0.10775424128025203
8.551442561178598,0.14484566626668569,0.13453725286762572,0.9887751276425579,0.9966995640539975,0.10675894561640893,0.10874960245985202
8.463511021238432,0.14617624552880062,0.13578316450118724,0.9886289793892351,0.9966749976506794,0.10772372845546388,0.10975399666494054
8.37638898789025,0.1475188456036738,0.13704058223010238,0.9884788065373287,0.9966491560672327,0.10869663618179316,0.11076749968816753
8.290069008735035,0.14887356760853704,0.13830961036647987,0.9883245305687068,0.9966220081661465,0.10967771845641475,0.11179018772364807
8.204543699981286,0.15024051327491994,0.13959035409360906,0.9881660714385672,0.9965935219286598,0.11066702463775871,0.11282213735948246
8.119805745813444,0.15161978494474002,0.1408829194704077,0.9880033475259101,0.9965636644305632,0.111664603754723,0.11386342556979852
8.035847897766084,0.15301148556609234,0.1421874134357767,0.9878362756264748,0.9965324018173838,0.11267050448368508,0.11491412970629765
7.952662974103868,0.15441571868871057,0.14350394381285542,0.9876647709490626,0.9964996992789352,0.11368477512524808,0.11597432748928468
7.870243859207244,0.15583258845910997,0.14483261931317143,0.9874887470591595,0.9964655210232239,0.11470746357423257,0.11704409699816173
7.788583502963776,0.15726219961541082,0.14617354954067885,0.987308115853325,0.9964298302496875,0.1157386172922984,0.11812351666136427
7.707674920165054,0.15870465748180898,0.14752684499567903,0.9871227875664691,0.9963925891217552,0.11677828328363854,0.11921266524571908
7.627511189909212,0.16016006796268545,0.14889261707861565,0.986932670730833,0.9963537587387146,0.11782650806428595,0.12031162184520021
7.548085455008902,0.16162853753636985,0.15027097809373857,0.9867376721315323,0.9963132991068663,0.1188833376300753,0.12142046586906112
7.469390921404722,0.16311017324853053,0.15166204125262872,0.9865376968052435,0.996271169109951,0.11994881742886294,0.12253927702931837
7.39142085758407,0.16460508270516397,0.15306592067757602,0.9863326480274203,0.996227326478832,0.12102299233060591,0.1236681353275621
7.314168594005325,0.16611337406520027,0.15448273140480343,0.9861224272568438,0.9961817277604165,0.12210590659135362,0.12480712104106818
7.23762752252734,0.16763515603271284,0.1559125893875281,0.9859069341162957,0.9961343282857983,0.12319760382064213,0.12595631470818514
7.161791095844171,0.1691705378486974,0.15735561149885224,0.9856860663990571,0.9960850821376033,0.12429812695123908,0.12711579711296875
7.086652826925034,0.17071962928241877,0.15881191553447327,0.9854597200209546,0.9960339421165234,0.12540751820122126,0.12828564926903588
7.012206288459408,0.17228254062233492,0.1602816202152062,0.9852277889827562,0.9959808597070178,0.12652581903626567,0.12946595240260877
6.938445112307228,0.17385938266656514,0.1617648451893075,0.9849901653746254,0.9959257850421651,0.12765307013630883,0.13065678793471955
6.865362988954174,0.17545026671287917,0.163261711034591,0.9847467393542073,0.9958686668676473,0.12878931135794303,0.1318582374625434
6.792953666971949,0.17705530454822502,0.16477233926032608,0.9844973990951071,0.9958094525048493,0.12993458169191024,0.13307038273982935
6.721210952483525,0.17867460843777638,0.16629685230890737,0.9842420307762837,0.9957480878130517,0.1310889192248114,0.13429330565639436
6.6501287086333365,0.18030829111346258,0.1678353735572847,0.9839805185847664,0.9956845171506988,0.1322523611016277,0.13552708821664688
6.579700855062328,0.18195646576198762,0.16938802731814281,0.9837127446655579,0.9956186833357283,0.13342494348019424,0.13677181251710518
6.509921367387832,0.18361924601234098,0.17095493884081878,0.9834385890928279,0.9955505276049371,0.13460670148730883,0.13802756072287364
6.440784276688257,0.1852967459227596,0.1725362343119446,0.9831579298792461,0.9954799895723658,0.1357976691789419,0.13929441504303872
6.372283668992511,0.18698907996712766,0.17413204085580317,0.9828706429470121,0.995407007186687,0.13699787949420814,0.1405724577049474
6.304413684774099,0.18869636302082898,0.17574248653438523,0.9825766020838254,0.9953315166875689,0.1382073642060355,0.1418617709273273
6.237168518449928,0.1904187103460245,0.17736770034713092,0.9822756789414061,0.9952534525610074,0.13942615387654134,0.14316243689220676
6.170542417883685,0.19215623757632153,0.17900781223034606,0.9819677430353783,0.9951727474935909,0.14065427781156195,0.14447453771559324
6.104529683893795,0.1939090607008461,0.18066295305627586,0.9816526616961847,0.9950893323256982,0.14189176400707532,0.14579815541686716
6.039124669765926,0.19567729604771233,0.1823332546318218,0.9813303000520058,0.9950031360035935,0.14313863909886718,0.147133371886844
5.97432178076997,0.1974610602668473,0.1840188496968869,0.9810005210426205,0.9949140855304061,0.14439492831553433,0.14848026885446025
5.910115473681454,0.19926047031216368,0.18571987192233338,0.9806631853862596,0.9948221059159795,0.14566065542352344,0.1498389278520358
5.846500256307398,0.20107564342309284,0.18743645590753494,0.980318151546688,0.9947271201255603,0.14693584267084742,0.15120943017906094
5.783470687016501,0.20290669710544562,0.18916873717750796,0.9799652757433828,0.9946290490273175,0.14822051073592976,0.15259185686446086
5.721021374273658,0.20475374911156885,0.1909168521796034,0.9796044119472936,0.9945278113386666,0.1495146786731769,0.15398628862728334
5.659146976178786,0.20661691741981594,0.19268093827974106,0.9792354118391409,0.9944233235713895,0.15081836385160183,0.15539280583575804
5.59784220000987,0.2084963202133174,0.19446113375816695,0.9788581248065222,0.9943154999755199,0.15213158189796963,0.15681148846467075
5.537101801770228,0.210392075858007,0.1962575778047154,0.9784723979624855,0.9942042524819873,0.15345434664208218,0.15824241605099792
5.476920585739927,0.21230430287990773,0.19807041051355528,0.9780780761124516,0.9940894906439923,0.15478667005284408,0.15968566764774306
5.417293404031366,0.21423311994168362,0.19989977287739774,0.9776750017364845,0.9939711215771061,0.15612856217529508,0.16114132177591417
5.358215156148911,0.21617864581842017,0.20174580678114706,0.9772630150130579,0.993849049898067,0.15748003107293918,0.1626094563745836
5.2996807885526,0.21814099937260875,0.20360865499496997,0.9768419538115284,0.9937231776622669,0.1588410827639344,0.16409014874896596
5.24168529422587,0.22012029952835832,0.2054884611667607,0.9764116536653024,0.9935934042999116,0.16021172115280766,0.16558347551645092
5.18422371224726,0.2221166652448096,0.2073853698139797,0.975971947785288,0.9934596265508316,0.16159194796733728,0.16708951255052445
5.12729112736604,0.22413021548871234,0.20929952631484033,0.9755226670833117,0.993321738397942,0.16298176269592396,0.16860833492251256
5.07088266958178,0.226161069206178,0.21123107689881734,0.9750636401453211,0.9931796309993318,0.1643811625154212,0.17014001684107669
5.014993513727767,0.22820934529361217,0.21318016863645348,0.9745946932351479,0.993033192618964,0.16579014222263783,0.1716846315893904
4.959618879058243,0.23027516256778113,0.2151469494284357,0.9741156503296008,0.9928823085559897,0.16720869416993261,0.17324225145992736
4.90475402883949,0.2323586397350024,0.21713156799391306,0.9736263331156311,0.9927268610726563,0.1686368081932401,0.1748129476867833
4.850394269944633,0.23445989535948603,0.21913417385802916,0.9731265609814294,0.9925667293208068,0.17007447153770824,0.17639679037546033
4.796534952452189,0.23657904783079028,0.22115491733863885,0.9726161510520684,0.9924017892669569,0.17152166878978103,0.1779938484300335
4.743171469248326,0.23871621533036205,0.22319394953217886,0.9720949182162598,0.9922319136159495,0.1729783818066915,0.17960418947762238
4.6902992556327625,0.24087151579718838,0.22525142229866146,0.9715626751166533,0.9920569717331794,0.1744445896383462,0.18122787979008753
4.637913788928303,0.24304506689255023,0.2273274882457593,0.9710192321774131,0.9918768295653846,0.17592026845454933,0.18286498420286973
4.586010588093979,0.24523698596383686,0.22942230071194672,0.9704643976529718,0.9916913495600037,0.17740539147501988,0.18451556603088726
4.534585213341733,0.24744739000742946,0.2315360137486662,0.9698979776355204,0.9915003905831089,0.17889992889094647,0.18617968698141135
4.483633265756637,0.24967639563067476,0.23366878210148312,0.9693197760710761,0.9913038078359027,0.1804038477869087,0.18785740706382778
4.433150386920626,0.25192411901290884,0.2358207611901927,0.9687295948199264,0.9911014527697964,0.18191711206996758,0.18954878449620108
4.383132258539662,0.25419067586552013,0.2379921070878437,0.9681272336908427,0.9908931730000741,0.1834396823930726,0.19125387560855123
4.333574602074357,0.25647618139107997,0.24018297649863957,0.9675124904549902,0.9906788122181478,0.18497151607365042,0.19297273474275287
4.284473178373989,0.2587807502415309,0.24239352673467746,0.9668851609035725,0.9904582101024223,0.18651256701949473,0.19470541414896428
4.235823787313881,0.2611044964753958,0.24462391569148714,0.966245038911581,0.9902312022277843,0.18806278565514786,0.19645196387849692
4.18762226743613,0.2634475335140356,0.24687430182232656,0.9655919164627823,0.9899976199737428,0.1896221188400844,0.1982124316730308
4.139864495593625,0.2658099740969734,0.24914484411119348,0.9649255836999702,0.9897572904312237,0.19119050979094626,0.19998686285008005
4.092546386597368,0.26819193023624366,0.25143570204450827,0.9642458290082497,0.9895100363080681,0.1927678980096843,0.20177530018461604
4.045663892867021,0.27059351316977803,0.25374703558142514,0.9635524390652296,0.9892556758332468,0.19435421920471732,0.20357778378675118
3.999213004084673,0.2730148333138635,0.25607900512272547,0.9628451988868921,0.9889940226598295,0.19594940521060863,0.20539435097538666
3.9531897468518062,0.2754560002146547,0.2584317714782457,0.9621238919183138,0.9887248857667492,0.19755338391631705,0.2072250361477283
3.9075901843494103,0.2779171224987229,0.260805495832794,0.9613883001154508,0.9884480693594054,0.19916607919147114,0.20906987064457488
3.86241041600122,0.2803983078226888,0.2632003397105068,0.9606382039971227,0.9881633727691509,0.2007874108062668,0.2109288826112821
3.8176465771400734,0.2828996628219454,0.2656164649375928,0.9598733827340711,0.9878705903517098,0.20241729435874742,0.2128020968543026
3.773294838677322,0.28542129305844716,0.26805403360341684,0.9590936142595062,0.9875695113845955,0.2040556412066552,0.2146895346932114
3.7293514067752875,0.2879633029675972,0.27051320801987006,0.9582986753401155,0.9872599199635799,0.20570235839110648,0.21659121380811722
3.6858125225227463,0.2905257958042714,0.2729941506789716,0.9574883416630341,0.9869415948982838,0.2073573485636652,0.2185071480823644
3.6426744616133915,0.2931088735879626,0.2754970242086504,0.9566623879614209,0.9866143096069712,0.209020509922006,0.22043734744043644
3.5999335340272474,0.2957126370470542,0.2780219913266511,0.955820588119338,0.9862778320106286,0.2106917361416758,0.222381817680968
3.557586083715038,0.2983371855622817,0.2805692147925053,0.954962715259679,0.9859319244264061,0.2123709163046078,0.22434056030477134
3.5156284882854454,0.3009826171093889,0.28313885735751493,0.9540885418771123,0.9855763434605279,0.21405793483811728,0.2263135723377954
3.4740571586952447,0.3036490282009735,0.285731081712687,0.953197839973953,0.98521083990077,0.21575267145552987,0.2283008461489286
3.4328685389423077,0.3063365138275769,0.288346050434559,0.9522903811647103,0.9848351586086123,0.21745500109076796,0.23030236926256142
3.3920591057614207,0.3090451673980613,0.29098392592885824,0.9513659368088886,0.9844490384111863,0.21916479384027995,0.23231812416583264
3.351625368322897,0.31177508067926624,0.29364487037193154,0.9504242781720675,0.9840522119931505,0.22088191491277598,0.23434808811048233
3.3115638679339847,0.31452634373498045,0.29632904564988455,0.9494651765580411,0.9836444057886308,0.2226062245738593,0.23639223290924233
3.271871177743005,0.31729904486430777,0.29903661329536696,0.9484884034415861,0.9832253398733556,0.22433757809226673,0.23845052472669256
3.2325439024462135,0.32009327053942765,0.30176773442194205,0.9474937306484619,0.9827947278571656,0.22607582569892143,0.24052292386452895
3.1935786779973805,0.32290910534277156,0.3045225696559742,0.9464809305156993,0.9823522767770444,0.2278208125434702,0.24260938454118086
3.154972171320023,0.32574663190370895,0.30730127906597043,0.9454497760373305,0.9818976869908516,0.2295723786494231,0.24470985466573153
3.1167210800222884,0.3286059308347663,0.3101040220893122,0.9444000410494633,0.9814306520719448,0.2313303588809855,0.24682427560609888
3.0788221321144817,0.33148708066740334,0.31293095745630906,0.9433315004216957,0.9809508587049015,0.23309458291411939,0.24895258195144396
3.041272085729174,0.33439015778741527,0.31578224311151104,0.9422439302235843,0.9804579865825375,0.23486487520427796,0.25109470126877953
3.004067728843892,0.33731523637004457,0.31865803613221166,0.9411371079095211,0.9799517083044431,0.2366410549614929,0.2532505538537595
2.9672058790063605,0.34026238831480227,0.3215584926440769,0.9400108125379738,0.979431689277291,0.23842293613723772,0.2554200524756484
2.930683383062285,0.3432316831800818,0.3244837677338301,0.9388648249625243,0.9788975876171411,0.24021032740775147,0.2576031021164648
2.8944971168856264,0.346223188117643,0.32743401535893096,0.9376989280230756,0.9783490540540173,0.24200303216087043,0.2597995997043217
2.8586439851113576,0.34923696780702457,0.3304093882541796,0.9365129067799061,0.9777857318390316,0.24380084849762698,0.2620094338409864
2.823120920870699,0.3522730843899123,0.3334100378351813,0.9353065487318428,0.9772072566543561,0.24560356923399607,0.26423248452370746
2.7879248855287733,0.3553315974045841,0.3364361140986058,0.9340796440238928,0.9766132565263252,0.24741098190415395,0.2664686228613533
2.7530528684246756,0.3584125637205014,0.3394877655191789,0.9328319856830732,0.9760033517420119,0.24922286877559424,0.2687177107849433
2.718501886613953,0.36151603747307315,0.3425651389433404,0.9315633698667183,0.9753771547696013,0.25103900687245007,0.2709796007526507
2.684268984613439,0.3646420699987124,0.34566837947950585,0.9302735960878571,0.9747342701829171,0.2528591679978071,0.2732541354493842
2.6503512341484368,0.3677907097702811,0.34879763038487355,0.9289624674542271,0.9740742945904679,0.25468311876484817,0.27554114748106967
2.6167457339022464,0.37096200233295973,0.3519530329487139,0.9276297909356487,0.9733968165694018,0.2565106206412687,0.2778404590637756
2.58344960926798,0.37415599024064483,0.35513472637208654,0.9262753776128955,0.9727014166047847,0.2583414299945601,0.28015188170784944
2.550460012102665,0.37737271299299746,0.35834284764392693,0.9248990429216118,0.9719876670345846,0.26017529814187784,0.28247521589723956
2.5177741204836246,0.3806122069731948,0.3615775314134497,0.9235006069299452,0.9712551320008442,0.26201197141554255,0.2848102507642242
2.4853891384670854,0.38387450538647533,0.3648389098588178,0.9220798946091732,0.9705033674074621,0.2638511912332813,0.28715676375977195
2.453302295849008,0.38715963819960514,0.36812711255202746,0.9206367360875803,0.9697319208850659,0.26569269417049657,0.2895145203197948
2.421510847928135,0.3904676320813607,0.3714422663199653,0.9191709669315319,0.9689403317634695,0.26753621204726064,0.29188327352758325
2.3900120752712044,0.3937985103440914,0.37478449510159634,0.9176824284329221,0.9681281310522257,0.26938147202456303,0.2942627637727391
2.358803283480326,0.3971522928864964,0.3781539198012445,0.9161709678753086,0.9672948414297933,0.2712281967019462,0.2966527184069519
2.327881802962511,0.40052899613772935,0.3815506581379293,0.9146364388139552,0.966439977241858,0.2730761042268809,0.29905285139699095
2.2972449887013116,0.40392863300291054,0.3849748244907338,0.9130787013756652,0.9655630445093826,0.27492490841807393,0.30146286297533265
2.266890220030564,0.40735121281015707,0.3884265297401758,0.9114976225371295,0.9646635409469457,0.2767743188907291,0.3038824392888595
2.236814900410225,0.41079674125926796,0.39190588110556257,0.9098930764026415,0.9637409559919744,0.2786240411899836,0.30631125204611265
2.2070164572042565,0.41426522037215374,0.3954129819783178,0.9082649445044952,0.9627947708454826,0.2804737769398863,0.30874895816361936
2.177492341460569,0.41775664844510796,0.3989479317512749,0.9066131160916555,0.9618244585249474,0.28232322399780124,0.31119519941185364
2.1482400276929785,0.42127102000306793,0.40251082564393037,0.9049374884082807,0.9608294839299484,0.2841720766147353,0.3136496020614165
2.1192570136651834,0.4248083257559598,0.40610175452366787,0.9032379669899635,0.9598093039212489,0.2860200256104078,0.31611177653008377
2.0905408201767215,0.4283685525572272,0.4097208047229665,0.90151446595516,0.9587633674139749,0.287866758556369,0.31858131703139736
2.0620889908508953,0.43195168336468226,0.4133680578526122,0.8997669082777595,0.9576911154855787,0.2897119599627584,0.3210578012255211
2.0338990919246616,0.4355576972037926,0.41704359061094226,0.8979952260763439,0.9565919814992846,0.291555311480071,0.3235407898731333
2.0059687120404446,0.43918656913348686,0.42074747458916645,0.8961993609068405,0.9554653912437245,0.2933964921120418,0.3260298264931722
1.9782954620398643,0.4428382702146133,0.4244797760728134,0.8943792640255649,0.9543107630894785,0.29523517842900426,0.3285244370252991
1.9508769747593773,0.4465127674811835,0.4282405558393523,0.8925348966617183,0.9531275081632299,0.29707104479433866,0.33102412949797627
1.9237109048277854,0.45021002391446857,0.43202986895207246,0.8906662303055044,0.951915030540283,0.2989037636063804,0.3335283937031373
1.8967949284656092,0.45392999842006726,0.43584776455029295,0.8887732469601357,0.9506727274561532,0.30073300553874405,0.33603670087844306
1.8701267432863204,0.4576726458080951,0.4396942856359937,0.8868559393942126,0.949399989537974,0.3025584397909783,0.33854850339818543
1.8437040680993935,0.46143791677654383,0.4435694688569791,0.8849143114160661,0.9480962010564489,0.3043797343570748,0.3410632344739502
1.8175246427151674,0.4652257578979258,0.44747334428669006,0.8829483781046481,0.9467607401990807,0.30619655628970904,0.34358030786619836
1.7915862277515178,0.469036111609347,0.45140593520079253,0.8809581660493019,0.9453929793653938,0.30800857197779336,0.346099117607969
1.7658866044422976,0.47286891620603266,0.4553672578506915,0.8789437135933479,0.9439922854848637,0.3098154474357853,0.34861903774196756
1.7404235744475405,0.47672410583845953,0.4593573212341305,0.8769050710387446,0.9425580203582614,0.31161684858977023,0.3511394220723475
1.7151949596654217,0.4806016105131549,0.4633761268630477,0.8748423008800981,0.9410895410230861,0.31341244158405607,0.3536596039325373
1.6901986020459407,0.48450135609722994,0.46742366852888284,0.8727554779864061,0.9395862001437658,0.315201893079452,0.35617889597052316
1.6654323634063193,0.48842326432680133,0.4714999320655436,0.8706446898107868,0.9380473464272603,0.3169848705714905,0.3586965899530352
1.6408941252481082,0.49236725281923927,0.47560489511025333,0.8685100365683327,0.9364723250646912,0.31876104270714434,0.3612119565901346
1.6165817885759663,0.49633323508949473,0.4797385268625202,0.8663516313928015,0.9348604781995792,0.32053007960349844,0.3637242453817339
1.5924932737181132,0.500321120570378,0.48390078784149304,0.8641696005193517,0.933211145423242,0.3222916531854292,0.36623268448763563
1.5686265201484377,0.5043308146370133,0.4880916296419717,0.861964083398613,0.9315236642978688,0.32404543750733944,0.36873648062269554
1.5449794863102388,0.508362218635387,0.4923109946893759,0.8597352328572679,0.9297973709077331,0.3257911091010575,0.3712348189787648
1.521550149441592,0.5124152299151546,0.49655881599398183,0.8574832151826136,0.9280316004389673,0.32752834730412195,0.37372686317508763
1.4983365054023192,0.5164897418666218,0.5008350169047664,0.8552082102602817,0.9262256877882575,0.3292568346164586,0.37621175523886036
1.4753365685025623,0.5205856439620705,0.5051395108632096,0.8529104116223037,0.9243789682007582,0.3309762570311888,0.3786886156176764
1.4525483713329224,0.5247028218012949,0.5094722011574269,0.8505900265512569,0.9224907779374812,0.33268630439448155,0.38115654322560416
1.4299699645961659,0.5288411571615473,0.5138329806770301,0.8482472761089503,0.9205604549723069,0.3343866707438231,0.3836146155246488
1.4075994169404904,0.5330005280516824,0.5182217316691252,0.8458823951878093,0.9185873397187223,0.3360770546618347,0.3860618886433591
1.3854348147943103,0.5371808087707713,0.5226383254958826,0.8434956325297895,0.9165707757862958,0.3377571596240886,0.38849739753433893
1.3634742622025695,0.5413818699708784,0.5270826223941342,0.8410872507161279,0.9145101107668075,0.3394266943412267,0.3909201561724134
1.341715880664569,0.5456035787242621,0.5315544712374715,0.8386575261776626,0.9124046970498519,0.341085373114994,0.3933291577951797
1.3201578089732742,0.5498457985947747,0.536053709301337,0.8362067491242526,0.9102538926676579,0.3427329161667598,0.3957233751876586
1.298798203056108,0.5541083897135107,0.54058016203162,0.8337352235316834,0.9080570621687483,0.34436904999377116,0.39810176101272354
1.2776352358172125,0.5583912088587304,0.5451336428172903,0.8312432670432494,0.9058135775199412,0.3459935076948189,0.4004632481889409
1.2566670969811593,0.5626941095397983,0.5497139527676183,0.8287312108813302,0.9035228190361076,0.3476060293030605,0.40280675031741303
1.2358919929380923,0.5670169420853493,0.5543208804945492,0.8261993997621239,0.9011841763369594,0.34920636212327594,0.4051311621591502
1.2153081465903135,0.5713595537354145,0.5589542019008151,0.8236481917324082,0.8987970493300125,0.3507942610387203,0.4074353601644215
1.1949137972002633,0.5757217887374461,0.5636136799743914,0.8210779580433989,0.8963608492187253,0.35236948883495717,0.40971820305545353
1.1747072002399057,0.5801034884463242,0.5682990645899045,0.8184890829882179,0.8938749995347522,0.3539318165095798,0.4119785324637758
1.1546866272415093,0.5845044914280305,0.5730100923176268,0.8158819636901147,0.8913389371930008,0.3554810235609874,0.41421517362336524
1.1348503656497901,0.5889246335669824,0.5777464862406988,0.8132570099179863,0.8887521135681312,0.35701689828846944,0.41642693612066867
1.1151967186754161,0.5933637481770168,0.5825079557812344,0.8106146438631661,0.886113995590956,0.3585392380747907,0.41861261470243283
1.0957240051498722,0.5978216661157181,0.5872941965359699,0.8079552998742868,0.8834240668630432,0.3600478496485514,0.42077099014213354
1.0764305593816492,0.6022982159020359,0.5921048901221334,0.805279424209372,0.8806818287876738,0.36154254935164215,0.42290083016564384
1.0573147310137592,0.6067932238371639,0.5969397040342124,0.8025874747629249,0.8778868017151489,0.3630231633928444,0.42500089043661105
1.0383748848825682,0.611306514128396,0.6017982915122964,0.799879920747955,0.8750385261003757,0.364489528077449,0.42706991560187635
1.0196094008779228,0.615837909015809,0.6066802914226878,0.7971572423826786,0.8721365636703436,0.36594149003433823,0.4291066403970114
1.0010166738045672,0.620387228901726,0.6115853281514613,0.7944199305690107,0.8691804985991252,0.3673789064344195,0.43110979081192197
0.9825951132448316,0.6249542924827537,0.6165130115116583,0.7916684865343286,0.8661699386877855,0.36880164518657416,0.43307808531621406
0.964343143422594,0.6295389168841478,0.6214629366647922,0.7889034214567677,0.8631045165464687,0.3702095851193751,0.4350102361438091
0.9462592030684851,0.6341409177963804,0.6264346840573403,0.7861252560860897,0.8599838907757499,0.37160261615356205,0.4369049506360449
0.9283417452863365,0.6387601096137749,0.6314278193728815,0.7833345203543537,0.8568077471443015,0.3729806394621122,0.43876093264230637
0.9105892374208635,0.643396305574995,0.6364418935005275,0.7805317529573829,0.8535757997597145,0.3743435676081913,0.44057688397693817
0.8930001609265599,0.6480493179051411,0.6414764425202825,0.7777175009235981,0.8502877922291936,0.3756913246679198,0.44235150593094025
0.8755730112377993,0.6527189579592954,0.6465309877059486,0.7748923191765904,0.8469434988067992,0.3770238463404326,0.4440835008367151
0.8583062976401408,0.657405036367337,0.6516050355461669,0.7720567700881253,0.8435427255237394,0.3783410800431432,0.4457715736838311
0.84119854314281,0.6621073631798425,0.6566980777841667,0.7692114230169519,0.840085311298138,0.379642984989378,0.44741443378350665
0.8242482843523562,0.6668257480148146,0.6618095914767619,0.7663568538299198,0.8365711290205886,0.3809295322459474,0.44901079647921743
0.8074540713474754,0.6715600002050384,0.666939039073106,0.7634936444188277,0.8330000866118974,0.38220070477662543,0.4505593849006427
0.7908144675549891,0.6763099289458757,0.6720858685136775,0.7606223822093178,0.8293721280491164,0.3834564974692794,0.4520589317577521
0.7743280496269502,0.6810753434433026,0.6772495133499432,0.7577436596637864,0.8256872343561387,0.3846969171471615,0.45350818117168085
0.7579934073189016,0.6858560530619731,0.6824293928850884,0.7548580737759664,0.8219454245550183,0.38592198256272076,0.4549058905387073
0.7418091433692338,0.6906518674731005,0.6876249123361812,0.7519662255569289,0.8181467565741578,0.3871317243733187,0.45625083242339076
0.7257738733796681,0.6954625968019291,0.6928354630180666,0.7490687195163902,0.8142913281095334,0.38832618510036665,0.4575417964766581
0.7098862256968401,0.7002880517746007,0.698060422549258,0.7461661631421237,0.810379277435153,0.3895054190729758,0.45877759137438334
0.6941448412949593,0.7051280438642256,0.7032991550800348,0.7432591663763698,0.8064107841590901,0.390669492355251,0.4599570467718248
0.6785483736595637,0.7099823854359467,0.7085510115428876,0.740348341090134,0.8023860699213013,0.3918184826573823,0.4610790152689254
0.6630954886723426,0.7148508898908048,0.713815329925417,0.737434300556868,0.7983053990297461,0.3929524792310582,0.46214237438141414
0.6477848644970083,0.7197333718082134,0.7190914355657247,0.7345176589263079,0.7941690790312902,0.3940715827493944,0.46314602851236375
0.632615191466231,0.7246296470868376,0.7243786414702603,0.7315990306976901,0.7899774612140641,0.395175905170754,0.4640889109187053
0.6175851719696142,0.7295395330836953,0.729676248654035,0.7286790301960425,0.7857309410380444,0.39626556958827736,0.4649699856670246
0.6026935203426886,0.7344628487513034,0.7349835465030619,0.7257582710514674,0.7814299584909135,0.39734071006498506,0.4657882495729029
0.5879389627569414,0.7393994147726927,0.7402998131587802,0.7228373656829613,0.7770749983663409,0.3984014714552321,0.46654273411787994
0.573320237110857,0.7443490536941203,0.7456243159241847,0.7199169247869655,0.7726665904620686,0.3994480092125927,0.46723250733805993
0.5588360929219494,0.7493115900553231,0.7509563116913106,0.716997556831906,0.7682053096954484,0.4004804891848836,0.4678566756783563
0.5444852912197995,0.7542868505171434,0.7562950473896374,0.7140798675589216,0.7636917761342874,0.4014990873964725,0.4684143858062939
0.5302666044400792,0.7592746639863843,0.7616397604549137,0.7111644594909844,0.759126654941137,0.4025039898191896,0.46890482637931336
0.5161788163195362,0.7642748617377545,0.7669896793178475,0.708251931450358,0.7545106562294114,0.4034953921319475,0.46932722975953217
0.5022207217919603,0.7692872775327558,0.7723440239120253,0.7053428780849452,0.7498445348301541,0.40447349946952954,0.46968087367006045
0.48839112688510555,0.7743117477353995,0.7777020062003479,0.7024378894049946,0.7451290899683898,0.405438526161581,0.46996508278693827
0.474688848618551,0.779348111424623,0.7830628307192371,0.6995375503305447,0.740365164848465,0.4063906954622494,0.4701792302609966
0.4611127149025118,0.7843962105032983,0.7884256951397683,0.6966424402504869,0.7355536461480628,0.40733023927124584,0.4703227391640478
0.44766156443758387,0.7894558898037266,0.7937897908448402,0.6937531325937648,0.7306954634209084,0.4082573978469229,0.47039508385400697
0.4343342466153979,0.7945269971895331,0.7991543035214259,0.6908701944136126,0.7257915884085341,0.409172419512228,0.4703957912537648
0.4211296214202007,0.7996093836538684,0.804518413766888,0.6879941859849706,0.7208430342618438,0.41007556035396575,0.47032444203889107
0.4080465593313427,0.8047029034138377,0.8098812977083035,0.685125660416049,0.7158508546735909,0.4109670839163255,0.47018067172955197
0.39508394122665136,0.809807414001105,0.8152421276336644,0.6822651632742739,0.7108161429231576,0.41184726088923057,0.46996417168226734
0.38224065828670506,0.8149227763485931,0.8206000726338055,0.6794132322268879,0.705740030835459,0.41271636879209683,0.4696746899775352
0.3695156118999885,0.8200488548732413,0.8259542992538417,0.6765703966976064,0.7006236876560892,0.41357469165430816,0.469312032199667
0.3569077135689116,0.8251855175547742,0.8313039721528754,0.6737371775380118,0.6954683188451775,0.4144225196920904,0.46887606210557015
0.3444158848167018,0.830332636010453,0.8366482547706693,0.6709140867152706,0.690275164792769,0.4152601489832394,0.46836670217961457
0.3320390570951559,0.8354900855657732,0.8419863099999986,0.6681016270171612,0.6850454994588507,0.41608788114083173,0.4677839340721571
0.319776171693229,0.8406577453211089,0.8473173008633235,0.665300291771391,0.6797806289414589,0.416906022984592,0.4671277989197119
0.30762617964647676,0.8458354982142832,0.8526403911924296,0.6625105645837223,0.6744818899765797,0.41771488621324365,0.46639839754521234
0.29558804164733066,0.8510232310790629,0.8579547463096651,0.659732919092192,0.6691506483738308,0.41851478707673373,0.465595890537268
0.2836607279561878,0.8562208346996011,0.863259533709397,0.6569678187368795,0.6637882973921608,0.4193060460485377,0.4647204982077827
0.27184321831333214,0.8614282038608251,0.8685539237382801,0.6542157165499582,0.6583962560600576,0.42008898750161766,0.4637725004277763
0.26013450185166453,0.8666452373947966,0.8738370902729571,0.6514770549582913,0.652975967444959,0.42086393938370564,0.46275223634173074
0.24853357701022638,0.8718718382230923,0.879108211393827,0.6487522656069254,0.6475288968767106,0.4216312328978218,0.4616601039612324
0.23703945144852967,0.8771079133952066,0.8843664700534779,0.6460417691975019,0.6420565301301615,0.4223912021847977,0.46049655963918223
0.22565114196167646,0.8823533741230587,0.8896110547384585,0.6433459753424013,0.6365603715720242,0.4231441840089026,0.4592621174262626
0.21436767439624815,0.8876081358116253,0.8948411601230557,0.640665282439661,0.6310419422772887,0.42389051745045864,0.4579573483118232
0.20318808356698081,0.8928721180857689,0.900055987713764,0.6380000775575175,0.6255027781205708,0.42463054359874153,0.4565828793517802
0.19211141317420566,0.8981452448133185,0.9052547464831752,0.635350736343476,0.6199444278478267,0.4253646052555436,0.4551393926865486
0.18113671572204226,0.9034274441244693,0.9104366534920632,0.632717622940829,0.6143684511338816,0.42609304663871433,0.45362762445242244
0.17026305243735207,0.9087186484275845,0.9156009344984627,0.6301010899283197,0.6087764166312133,0.426816213096663,0.4520483635901813
0.1594894931894395,0.9140187944214446,0.9207468245525863,0.6275014782697077,0.6031699000154729,0.42753445082556457,0.4504024505551126
0.14881511641048228,0.9193278231040795,0.9258735685765015,0.6249191172813201,0.5975504820330585,0.4282481065952501,0.44869077593289536
0.13823900901670494,0.9246456797782019,0.9309804219275053,0.6223543246145014,0.5919197465560802,0.4289575274822612,0.44691427896615726
0.12776026633027526,0.9299723140533962,0.9360666509442092,0.6198074062486172,0.5862792786499227,0.42966306060763837,0.44507394599677796
0.11737799200191223,0.9353076798450951,0.9411315334744044,0.6172786565043996,0.5806306626585094,0.43036505288667154,0.4431708088292807
0.10709129793422023,0.9406517353704964,0.9461743593838412,0.6147683580638394,0.5749754803121518,0.43106385078166826,0.4412059430208168
0.09689930420571513,0.9460044431414804,0.9511944310451129,0.6122767820120257,0.5693153088628043,0.4317598000688982,0.43918046610351164
0.08680113899555764,0.9513657699546311,0.9561910638059076,0.6098041878737461,0.5636517192512863,0.4324532456011798,0.43709553574504906
0.07679593850898203,0.9567356868784146,0.9611635864359631,0.607350823684313,0.5579862743108245,0.43314453109421364,0.43495234785349157
0.06688284690340107,0.9621141692378331,0.9661113415521245,0.6049169260800746,0.552320527011087,0.4338339989274164,0.43275213463245826
0.05706101621520032,0.9675011965966113,0.9710336860209613,0.6025027203776754,0.5466560187466486,0.4345219899375965,0.4304961625928417
0.047329606287206616,0.9728967527363511,0.975929991338492,0.6001084205491081,0.5409942776735758,0.43520884313755936,0.42818573052728287
0.037687784696814663,0.9783008256326221,0.9807996439866349,0.5977342293658671,0.5353368170974594,0.43589489555607425,0.42582216745354456
0.02813472668478645,0.9837134074309495,0.9856420457660444,0.595380338925499,0.5296851339161669,0.43658048236175295,0.4234068305330485
0.018669615084701885,0.9891344944235382,0.9904566141051032,0.5930469307666595,0.52404070712009,0.4372659366967153,0.4209411029706282
0.0092916402530554,0.9945640861628401,0.99524278234489,0.5907306771963363,0.5184049963525017,0.43794899524274455,0.41842639190155
0.0,1.0,1.0,0.5877854286197329,0.5127794405323531,0.4381472118171635,0.4158641262717384
