z,delta,f,fsigma8
100.00000000000003,1.0,1.0,0.811
99.5344823472763,1.0,1.0,0.811
99.07111030529511,1.0,1.0,0.811
98.60987398475275,1.0,1.0,0.811
98.15076354192605,1.0,1.0,0.811
97.69376917846266,1.0,1.0,0.811
97.23888114117142,1.0,1.0,0.811
96.78608972181455,1.0,1.0,0.811
96.33538525690038,1.0,1.0,0.811
95.8867581274771,1.0,1.0,0.811
95.44019875892735,1.0,1.0,0.811
94.99569762076433,1.0,1.0,0.811
94.55324522642775,1.0,1.0,0.811
94.1128321330818,1.0,1.0,0.811
93.67444894141349,1.0,1.0,0.811
93.23808629543211,1.0,1.0,0.811
92.8037348822694,1.0,1.0,0.811
92.37138543198115,1.0,1.0,0.811
91.94102871734889,1.0,1.0,0.811
91.51265555368326,1.0,1.0,0.811
91.08625679862791,1.0,1.0,0.811
90.66182335196443,1.0,1.0,0.811
90.23934615541798,1.0,1.0,0.811
89.81881619246434,1.0,1.0,0.811
89.40022448813697,1.0,1.0,0.811
88.98356210883583,1.0,1.0,0.811
88.56882016213657,1.0,1.0,0.811
88.1559897966008,1.0,1.0,0.811
87.74506220158713,1.0,1.0,0.811
87.33602860706333,1.0,1.0,0.811
86.9288802834188,1.0,1.0,0.811
86.52360854127858,1.0,1.0,0.811
86.12020473131773,1.0,1.0,0.811
85.7186602440768,1.0,1.0,0.811
85.3189665097781,1.0,1.0,0.811
84.92111499814267,1.0,1.0,0.811
84.5250972182086,1.0,1.0,0.811
84.1309047181493,1.0,1.0,0.811
83.73852908509346,1.0,1.0,0.811
83.3479619449454,1.0,1.0,0.811
82.95919496220638,1.0,1.0,0.811
82.5722198397966,1.0,1.0,0.811
82.18702831887845,1.0,1.0,0.811
81.80361217867977,1.0,1.0,0.811
81.42196323631872,1.0,1.0,0.811
81.0420733466291,1.0,1.0,0.811
80.66393440198641,1.0,1.0,0.811
80.28753833213489,1.0,1.0,0.811
79.91287710401542,1.0,1.0,0.811
79.53994272159379,1.0,1.0,0.811
79.16872722569023,1.0,1.0,0.811
78.79922269380951,1.0,1.0,0.811
78.43142123997188,1.0,1.0,0.811
78.06531501454468,1.0,1.0,0.811
77.70089620407504,1.0,1.0,0.811
77.33815703112282,1.0,1.0,0.811
76.97708975409479,1.0,1.0,0.811
76.6176866670794,1.0,1.0,0.811
76.25994009968232,1.0,1.0,0.811
75.90384241686273,1.0,1.0,0.811
75.54938601877025,1.0,1.0,0.811
75.19656334058311,1.0,1.0,0.811
74.84536685234625,1.0,1.0,0.811
74.49578905881086,1.0,1.0,0.811
74.1478224992744,1.0,1.0,0.811
73.80145974742123,1.0,1.0,0.811
73.45669341116452,1.0,1.0,0.811
73.11351613248793,1.0,1.0,0.811
72.77192058728895,1.0,1.0,0.811
72.43189948522244,1.0,1.0,0.811
72.09344556954517,1.0,1.0,0.811
71.75655161696078,1.0,1.0,0.811
71.42121043746565,1.0,1.0,0.811
71.08741487419574,1.0,1.0,0.811
70.7551578032734,1.0,1.0,0.811
70.42443213365557,1.0,1.0,0.811
70.09523080698246,1.0,1.0,0.811
69.76754679742683,1.0,1.0,0.811
69.44137311154405,1.0,1.0,0.811
69.11670278812304,1.0,1.0,0.811
68.79352889803735,1.0,1.0,0.811
68.47184454409755,1.0,1.0,0.811
68.15164286090392,1.0,1.0,0.811
67.83291701469999,1.0,1.0,0.811
67.51566020322656,1.0,1.0,0.811
67.19986565557683,1.0,1.0,0.811
66.88552663205151,1.0,1.0,0.811
66.5726364240152,1.0,1.0,0.811
66.26118835375321,1.0,1.0,0.811
65.95117577432897,1.0,1.0,0.811
65.64259206944219,1.0,1.0,0.811
65.33543065328782,1.0,1.0,0.811
65.02968497041518,1.0,1.0,0.811
64.72534849558829,1.0,1.0,0.811
64.42241473364656,1.0,1.0,0.811
64.12087721936611,1.0,1.0,0.811
63.820729517321865,1.0,1.0,0.811
63.521965221750094,1.0,1.0,0.811
63.22457795641196,1.0,1.0,0.811
62.9285613744571,1.0,1.0,0.811
62.63390915828836,1.0,1.0,0.811
62.34061501942696,1.0,1.0,0.811
62.04867269837824,1.0,1.0,0.811
61.758075964498026,1.0,1.0,0.811
61.4688186158599,1.0,1.0,0.811
61.180894479122486,1.0,1.0,0.811
60.8942974093979,1.0,1.0,0.811
60.6090212901206,1.0,1.0,0.811
60.32506003291681,1.0,1.0,0.811
60.04240757747453,1.0,1.0,0.811
59.76105789141442,1.0,1.0,0.811
59.48100497016073,1.0,1.0,0.811
59.20224283681339,1.0,1.0,0.811
58.92476554202035,1.0,1.0,0.811
58.648567163850636,1.0,1.0,0.811
58.373641807667916,1.0,1.0,0.811
58.0999836060049,1.0,1.0,0.811
57.827586718437786,1.0,1.0,0.811
57.55644533146186,1.0,1.0,0.811
57.28655365836733,1.0,1.0,0.811
57.017905939115856,1.0,1.0,0.811
56.7504964402176,1.0,1.0,0.811
56.484319454608844,1.0,1.0,0.811
56.21936930153032,1.0,1.0,0.811
55.955640326405764,1.0,1.0,0.811
55.69312690072135,1.0,1.0,0.811
55.431823421905584,1.0,1.0,0.811
55.171724313209644,1.0,1.0,0.811
54.912824023588556,1.0,1.0,0.811
54.655117027582456,1.0,1.0,0.811
54.39859782519885,1.0,1.0,0.811
54.14326094179516,1.0,1.0,0.811
53.88910092796193,1.0,1.0,0.811
53.636112359406475,1.0,1.0,0.811
53.38428983683714,1.0,1.0,0.811
53.13362798584809,1.0,1.0,0.811
52.88412145680461,1.0,1.0,0.811
52.635764924728846,1.0,1.0,0.811
52.38855308918626,1.0,1.0,0.811
52.14248067417243,1.0,1.0,0.811
51.897542428000584,1.0,1.0,0.811
51.653733123189305,1.0,1.0,0.811
51.4110475563512,1.0,1.0,0.811
51.16948054808165,1.0,1.0,0.811
50.929026942848395,1.0,1.0,0.811
50.689681608881415,1.0,1.0,0.811
50.45143943806357,1.0,1.0,0.811
50.21429534582134,1.0,1.0,0.811
49.9782442710165,1.0,1.0,0.811
49.743281175838085,1.0,1.0,0.811
49.50940104569475,1.0,1.0,0.811
49.276598889107866,1.0,1.0,0.811
49.044869737605,1.0,1.0,0.811
48.81420864561376,1.0,1.0,0.811
48.58461069035635,1.0,1.0,0.811
48.35607097174452,1.0,1.0,0.811
48.1285846122749,1.0,1.0,0.811
47.90214675692494,1.0,1.0,0.811
47.67675257304933,1.0,1.0,0.811
47.45239725027686,1.0,1.0,0.811
47.22907600040766,1.0,1.0,0.811
47.00678405731119,1.0,1.0,0.811
46.78551667682431,1.0,1.0,0.811
46.565269136650194,1.0,1.0,0.811
46.34603673625744,1.0,1.0,0.811
46.12781479677988,1.0,1.0,0.811
45.910598660916534,1.0,1.0,0.811
45.69438369283243,1.0,1.0,0.811
45.479165278059476,1.0,1.0,0.811
45.26493882339808,1.0,1.0,0.811
45.0516997568191,1.0,1.0,0.811
44.839443527366306,1.0,1.0,0.811
44.628165605059145,1.0,1.0,0.811
44.417861480796205,1.0,1.0,0.811
44.20852666625886,1.0,1.0,0.811
44.00015669381555,1.0,1.0,0.811
43.79274711642637,1.0,1.0,0.811
43.586293507548284,1.0,1.0,0.811
43.38079146104051,1.0,1.0,0.811
43.17623659107054,1.0,1.0,0.811
42.97262453202061,1.0,1.0,0.811
42.76995093839439,1.0,1.0,0.811
42.56821148472433,1.0,1.0,0.811
42.36740186547938,1.0,1.0,0.811
42.167517794973,1.0,1.0,0.811
41.96855500727174,1.0,1.0,0.811
41.770509256104255,1.0,1.0,0.811
41.57337631477059,1.0,1.0,0.811
41.37715197605202,1.0,1.0,0.811
41.18183205212122,1.0,1.0,0.811
40.987412374453,1.0,1.0,0.811
40.79388879373518,1.0,1.0,0.811
40.60125717978016,1.0,1.0,0.811
40.40951342143673,1.0,1.0,0.811
40.21865342650228,1.0,1.0,0.811
40.02867312163555,1.0,1.0,0.811
39.83956845226968,1.0,1.0,0.811
39.651335382525595,1.0,1.0,0.811
39.463969895126006,1.0,1.0,0.811
39.27746799130954,1.0,1.0,0.811
39.09182569074549,1.0,1.0,0.811
38.90703903144879,1.0,1.0,0.811
38.72310406969558,1.0,1.0,0.811
38.54001687993888,1.0,1.0,0.811
38.357773554724965,1.0,1.0,0.811
38.17637020460984,1.0,1.0,0.811
37.99580295807632,1.0,1.0,0.811
37.81606796145134,1.0,1.0,0.811
37.63716137882382,1.0,1.0,0.811
37.45907939196265,1.0,1.0,0.811
37.281818200235286,1.0,1.0,0.811
37.105374020526675,1.0,1.0,0.811
36.92974308715841,1.0,1.0,0.811
36.75492165180841,1.0,1.0,0.811
36.580905983431,1.0,1.0,0.811
36.40769236817716,1.0,1.0,0.811
36.23527710931531,1.0,1.0,0.811
36.063656527152474,1.0,1.0,0.811
35.89282695895566,1.0,1.0,0.811
35.72278475887372,1.0,1.0,0.811
35.55352629785955,1.0,1.0,0.811
35.385047963592676,1.0,1.0,0.811
35.217346160402045,1.0,1.0,0.811
35.05041730918944,1.0,1.0,0.811
34.884257847352956,1.0,1.0,0.811
34.71886422871105,1.0,1.0,0.811
34.5542329234268,1.0,1.0,0.811
34.39036041793268,1.0,1.0,0.811
34.22724321485541,1.0,1.0,0.811
34.06487783294148,1.0,1.0,0.811
33.903260806982715,1.0,1.0,0.811
33.742388687742405,1.0,1.0,0.811
33.582258041881666,1.0,1.0,0.811
33.42286545188619,1.0,1.0,0.811
33.26420751599324,1.0,1.0,0.811
33.10628084811914,1.0,1.0,0.811
32.94908207778693,1.0,1.0,0.811
32.792607850054495,1.0,1.0,0.811
32.6368548254429,1.0,1.0,0.811
32.481819679865175,1.0,1.0,0.811
32.32749910455536,1.0,1.0,0.811
32.17388980599789,1.0,1.0,0.811
32.020988505857254,1.0,1.0,0.811
31.86879194090811,1.0,1.0,0.811
31.71729686296557,1.0,1.0,0.811
31.566500038815924,1.0,1.0,0.811
31.416398250147623,1.0,1.0,0.811
31.266988293482612,1.0,1.0,0.811
31.118266980107897,1.0,1.0,0.811
30.97023113600756,1.0,1.0,0.811
30.822877601794993,1.0,1.0,0.811
30.676203232645452,1.0,1.0,0.811
30.53020489822901,1.0,1.0,0.811
30.38487948264363,1.0,1.0,0.811
30.240223884348804,1.0,1.0,0.811
30.096235016099243,1.0,1.0,0.811
29.952909804879045,1.0,1.0,0.811
29.810245191836096,1.0,1.0,0.811
29.66823813221683,1.0,1.0,0.811
29.526885595301152,1.0,1.0,0.811
29.38618456433788,1.0,1.0,0.811
29.24613203648025,1.0,1.0,0.811
29.106725022721893,1.0,1.0,0.811
28.967960547833005,1.0,1.0,0.811
28.82983565029692,1.0,1.0,0.811
28.6923473822468,1.0,1.0,0.811
28.55549280940283,1.0,1.0,0.811
28.4192690110095,1.0,1.0,0.811
28.283673079773333,1.0,1.0,0.811
28.148702121800806,1.0,1.0,0.811
28.014353256536594,1.0,1.0,0.811
27.880623616702128,1.0,1.0,0.811
27.74751034823436,1.0,1.0,0.811
27.615010610224843,1.0,1.0,0.811
27.483121574859137,1.0,1.0,0.811
27.351840427356432,1.0,1.0,0.811
27.221164365909484,1.0,1.0,0.811
27.091090601624828,1.0,1.0,0.811
26.961616358463264,1.0,1.0,0.811
26.83273887318056,1.0,1.0,0.811
26.704455395268525,1.0,1.0,0.811
26.5767631868963,1.0,1.0,0.811
26.449659522851913,1.0,1.0,0.811
26.323141690484153,1.0,1.0,0.811
26.197206989644616,1.0,1.0,0.811
26.071852732630155,1.0,1.0,0.811
25.947076244125437,1.0,1.0,0.811
25.822874861145905,1.0,1.0,0.811
25.699245932980915,1.0,1.0,0.811
25.576186821137203,1.0,1.0,0.811
25.453694899282507,1.0,1.0,0.811
25.3317675531896,1.0,1.0,0.811
25.210402180680415,1.0,1.0,0.811
25.08959619157056,1.0,1.0,0.811
24.96934700761403,1.0,1.0,0.811
24.84965206244815,1.0,1.0,0.811
24.730508801538875,1.0,1.0,0.811
24.611914682126205,1.0,1.0,0.811
24.493867173169928,1.0,1.0,0.811
24.376363755295625,1.0,1.0,0.811
24.259401920740885,1.0,1.0,0.811
24.142979173301782,1.0,1.0,0.811
24.02709302827962,1.0,1.0,0.811
23.911741012427907,1.0,1.0,0.811
23.79692066389952,1.0,1.0,0.811
23.682629532194223,1.0,1.0,0.811
23.56886517810634,1.0,1.0,0.811
23.455625173672686,1.0,1.0,0.811
23.3429071021208,1.0,1.0,0.811
23.230708557817323,1.0,1.0,0.811
23.119027146216652,1.0,1.0,0.811
23.007860483809853,1.0,1.0,0.811
22.897206198073796,1.0,1.0,0.811
22.787061927420496,1.0,1.0,0.811
22.677425321146764,1.0,1.0,0.811
22.568294039383968,1.0,1.0,0.811
22.459665753048156,1.0,1.0,0.811
22.351538143790314,1.0,1.0,0.811
22.24390890394689,1.0,1.0,0.811
22.13677573649055,1.0,1.0,0.811
22.030136354981178,1.0,1.0,0.811
21.923988483517025,1.0,1.0,0.811
21.81832985668621,1.0,1.0,0.811
21.713158219518284,1.0,1.0,0.811
21.608471327436177,1.0,1.0,0.811
21.504266946208258,1.0,1.0,0.811
21.400542851900653,1.0,1.0,0.811
21.29729683082981,1.0,1.0,0.811
21.194526679515235,1.0,1.0,0.811
21.092230204632443,1.0,1.0,0.811
20.990405222966178,1.0,1.0,0.811
20.889049561363812,1.0,1.0,0.811
20.788161056688956,1.0,1.0,0.811
20.68773755577532,1.0,1.0,0.811
20.58777691538074,1.0,1.0,0.811
20.488277002141416,1.0,1.0,0.811
20.389235692526423,1.0,1.0,0.811
20.29065087279237,1.0,1.0,0.811
20.192520438938274,1.0,1.0,0.811
20.09484229666071,1.0,1.0,0.811
19.99761436130903,1.0,1.0,0.811
19.900834557840962,1.0,1.0,0.811
19.80450082077826,1.0,1.0,0.811
19.708611094162638,1.0,1.0,0.811
19.613163331511906,1.0,1.0,0.811
19.5181554957763,1.0,1.0,0.811
19.42358555929496,1.0,1.0,0.811
19.329451503752733,1.0,1.0,0.811
19.23575132013701,1.0,1.0,0.811
19.142483008694917,1.0,1.0,0.811
19.0496445788906,1.0,1.0,0.811
18.95723404936278,1.0,1.0,0.811
18.865249447882398,1.0,1.0,0.811
18.77368881131062,1.0,1.0,0.811
18.68255018555685,1.0,1.0,0.811
18.591831625537072,1.0,1.0,0.811
18.501531195132337,1.0,1.0,0.811
18.41164696714741,1.0,1.0,0.811
18.322177023269695,1.0,1.0,0.811
18.233119454028262,1.0,1.0,0.811
18.14447235875307,1.0,1.0,0.811
18.056233845534447,1.0,1.0,0.811
17.968402031182688,1.0,1.0,0.811
17.880975041187867,1.0,1.0,0.811
17.793951009679848,1.0,1.0,0.811
17.707328079388454,1.0,1.0,0.811
17.6211044016038,1.0,1.0,0.811
17.535278136136892,1.0,1.0,0.811
17.4498474512803,1.0,1.0,0.811
17.364810523769094,1.0,1.0,0.811
17.280165538741954,1.0,1.0,0.811
17.19591068970238,1.0,1.0,0.811
17.112044178480193,1.0,1.0,0.811
17.028564215193118,1.0,1.0,0.811
16.945469018208605,1.0,1.0,0.811
16.862756814105797,1.0,1.0,0.811
16.780425837637704,1.0,1.0,0.811
16.698474331693486,1.0,1.0,0.811
16.616900547261,1.0,1.0,0.811
16.535702743389432,1.0,1.0,0.811
16.454879187152166,1.0,1.0,0.811
16.374428153609788,1.0,1.0,0.811
16.294347925773298,1.0,1.0,0.811
16.214636794567415,1.0,1.0,0.811
16.13529305879416,1.0,1.0,0.811
16.05631502509651,1.0,1.0,0.811
15.977701007922256,1.0,1.0,0.811
15.899449329488068,1.0,1.0,0.811
15.821558319743634,1.0,1.0,0.811
15.744026316336079,1.0,1.0,0.811
15.666851664574445,1.0,1.0,0.811
15.590032717394372,1.0,1.0,0.811
15.513567835322974,1.0,1.0,0.811
15.43745538644383,1.0,1.0,0.811
15.361693746362157,1.0,1.0,0.811
15.28628129817016,1.0,1.0,0.811
15.21121643241251,1.0,1.0,0.811
15.136497547051984,1.0,1.0,0.811
15.062123047435293,1.0,1.0,0.811
14.988091346259038,1.0,1.0,0.811
14.914400863535832,1.0,1.0,0.811
14.841050026560607,1.0,1.0,0.811
14.768037269877,1.0,1.0,0.811
14.695361035243996,1.0,1.0,0.811
14.623019771602626,1.0,1.0,0.811
14.551011935042895,1.0,1.0,0.811
14.479335988770812,1.0,1.0,0.811
14.407990403075619,1.0,1.0,0.811
14.3369736552971,1.0,1.0,0.811
14.266284229793145,1.0,1.0,0.811
14.195920617907337,1.0,1.0,0.811
14.1258813179368,1.0,1.0,0.811
14.056164835100123,1.0,1.0,0.811
13.986769681505496,1.0,1.0,0.811
13.9176943761189,1.0,1.0,0.811
13.848937444732554,1.0,1.0,0.811
13.780497419933413,1.0,1.0,0.811
13.712372841071863,1.0,1.0,0.811
13.644562254230555,1.0,1.0,0.811
13.577064212193362,1.0,1.0,0.811
13.50987727441451,1.0,1.0,0.811
13.443000006987829,1.0,1.0,0.811
13.376430982616128,1.0,1.0,0.811
13.31016878058076,1.0,1.0,0.811
13.244211986711292,1.0,1.0,0.811
13.178559193355314,1.0,1.0,0.811
13.113208999348425,1.0,1.0,0.811
13.048160009984306,1.0,1.0,0.811
12.983410836984946,1.0,1.0,0.811
12.918960098471038,1.0,1.0,0.811
12.85480641893247,1.0,1.0,0.811
12.790948429198966,1.0,1.0,0.811
12.7273847664109,1.0,1.0,0.811
12.66411407399015,1.0,1.0,0.811
12.60113500161121,1.0,1.0,0.811
12.538446205172312,1.0,1.0,0.811
12.476046346766779,1.0,1.0,0.811
12.413934094654472,1.0,1.0,0.811
12.35210812323334,1.0,1.0,0.811
12.290567113011152,1.0,1.0,0.811
12.229309750577322,1.0,1.0,0.811
12.168334728574907,1.0,1.0,0.811
12.107640745672665,1.0,1.0,0.811
12.047226506537298,1.0,1.0,0.811
11.987090721805831,1.0,1.0,0.811
11.927232108058059,1.0,1.0,0.811
11.867649387789161,1.0,1.0,0.811
11.808341289382472,1.0,1.0,0.811
11.749306547082297,1.0,1.0,0.811
11.690543900966915,1.0,1.0,0.811
11.632052096921711,1.0,1.0,0.811
11.573829886612376,1.0,1.0,0.811
11.51587602745828,1.0,1.0,0.811
11.458189282605966,1.0,1.0,0.811
11.400768420902732,1.0,1.0,0.811
11.34361221687036,1.0,1.0,0.811
11.286719450678978,1.0,1.0,0.811
11.230088908121008,1.0,1.0,0.811
11.17371938058525,1.0,1.0,0.811
11.117609665031118,1.0,1.0,0.811
11.061758563962924,1.0,1.0,0.811
11.00616488540434,1.0,1.0,0.811
10.95082744287298,1.0,1.0,0.811
10.895745055355032,1.0,1.0,0.811
10.84091654728009,1.0,1.0,0.811
10.786340748496055,1.0,1.0,0.811
10.732016494244155,1.0,1.0,0.811
10.67794262513409,1.0,1.0,0.811
10.624117987119286,1.0,1.0,0.811
10.57054143147228,1.0,1.0,0.811
10.517211814760186,1.0,1.0,0.811
10.464127998820288,1.0,1.0,0.811
10.411288850735781,1.0,1.0,0.811
10.358693242811553,1.0,1.0,0.811
10.306340052550137,1.0,1.0,0.811
10.254228162627767,1.0,1.0,0.811
10.202356460870503,1.0,1.0,0.811
10.150723840230508,1.0,1.0,0.811
10.099329198762442,1.0,1.0,0.811
10.048171439599908,1.0,1.0,0.811
9.997249470932063,1.0,1.0,0.811
9.946562205980326,1.0,1.0,0.811
9.896108562975154,1.0,1.0,0.811
9.84588746513298,1.0,1.0,0.811
9.795897840633234,1.0,1.0,0.811
9.746138622595444,1.0,1.0,0.811
9.696608749056486,1.0,1.0,0.811
9.647307162947921,1.0,1.0,0.811
9.598232812073427,1.0,1.0,0.811
9.549384649086333,1.0,1.0,0.811
9.500761631467299,1.0,1.0,0.811
9.45236272150203,1.0,1.0,0.811
9.404186886259149,1.0,1.0,0.811
9.356233097568156,1.0,1.0,0.811
9.308500331997465,1.0,1.0,0.811
9.260987570832576,1.0,1.0,0.811
9.213693800054346,1.0,1.0,0.811
9.166618010317315,1.0,1.0,0.811
9.119759196928188,1.0,1.0,0.811
9.073116359824388,1.0,1.0,0.811
9.026688503552721,1.0,1.0,0.811
8.980474637248108,1.0,1.0,0.811
8.934473774612455,1.0,1.0,0.811
8.888684933893614,1.0,1.0,0.811
8.843107137864399,1.0,1.0,0.811
8.797739413801754,1.0,1.0,0.811
8.752580793465993,1.0,1.0,0.811
8.707630313080124,1.0,1.0,0.811
8.66288701330928,1.0,1.0,0.811
8.618349939240268,1.0,1.0,0.811
8.574018140361153,1.0,1.0,0.811
8.529890670540997,1.0,1.0,0.811
8.48596658800967,1.0,1.0,0.811
8.44224495533773,1.0,1.0,0.811
8.398724839416426,1.0,1.0,0.811
8.3554053114378,1.0,1.0,0.811
8.312285446874832,1.0,1.0,0.811
8.269364325461734,1.0,1.0,0.811
8.226641031174308,1.0,1.0,0.811
8.184114652210381,1.0,1.0,0.811
8.14178428097035,1.0,1.0,0.811
8.099649014037837,1.0,1.0,0.811
8.057707952160364,1.0,1.0,0.811
8.015960200230195,1.0,1.0,0.811
7.974404867265227,1.0,1.0,0.811
7.933041066389963,1.0,1.0,0.811
7.8918679148165864,1.0,1.0,0.811
7.850884533826143,1.0,1.0,0.811
7.8100900487497515,1.0,1.0,0.811
7.769483588949964,1.0,1.0,0.811
7.729064287802165,1.0,1.0,0.811
7.688831282676103,1.0,1.0,0.811
7.648783714917451,1.0,1.0,0.811
7.6089207298294905,1.0,1.0,0.811
7.569241476654888,1.0,1.0,0.811
7.52974510855751,1.0,1.0,0.811
7.4904307826043635,1.0,1.0,0.811
7.451297659747619,1.0,1.0,0.811
7.412344904806675,1.0,1.0,0.811
7.373571686450354,1.0,1.0,0.811
7.334977177179164,1.0,1.0,0.811
7.296560553307616,1.0,1.0,0.811
7.258320994946661,1.0,1.0,0.811
7.220257685986201,1.0,1.0,0.811
7.18236981407764,1.0,1.0,0.811
7.144656570616579,1.0,1.0,0.811
7.107117150725546,1.0,1.0,0.811
7.0697507532368125,1.0,1.0,0.811
7.032556580675301,1.0,1.0,0.811
6.995533839241573,1.0,1.0,0.811
6.958681738794872,1.0,1.0,0.811
6.921999492836264,1.0,1.0,0.811
6.885486318491871,1.0,1.0,0.811
6.849141436496135,1.0,1.0,0.811
6.812964071175198,1.0,1.0,0.811
6.776953450430363,1.0,1.0,0.811
6.74110880572159,1.0,1.0,0.811
6.705429372051107,1.0,1.0,0.811
6.66991438794709,1.0,1.0,0.811
6.634563095447397,1.0,1.0,0.811
6.599374740083397,1.0,1.0,0.811
6.564348570863873,1.0,1.0,0.811
6.529483840258996,1.0,1.0,0.811
6.494779804184356,1.0,1.0,0.811
6.460235721985094,1.0,1.0,0.811
6.425850856420102,1.0,1.0,0.811
6.391624473646268,1.0,1.0,0.811
6.357555843202829,1.0,1.0,0.811
6.323644237995784,1.0,1.0,0.811
6.289888934282364,1.0,1.0,0.811
6.25628921165559,1.0,1.0,0.811
6.222844353028912,1.0,1.0,0.811
6.189553644620884,1.0,1.0,0.811
6.156416375939938,1.0,1.0,0.811
6.123431839769233,1.0,1.0,0.811
6.090599332151542,1.0,1.0,0.811
6.057918152374235,1.0,1.0,0.811
6.02538760295434,1.0,1.0,0.811
5.99300698962363,1.0,1.0,0.811
5.9607756213138225,1.0,1.0,0.811
5.928692810141837,1.0,1.0,0.811
5.896757871395095,1.0,1.0,0.811
5.864970123516915,1.0,1.0,0.811
5.833328888091984,1.0,1.0,0.811
5.801833489831847,1.0,1.0,0.811
5.7704832565605155,1.0,1.0,0.811
5.739277519200126,1.0,1.0,0.811
5.708215611756643,1.0,1.0,0.811
5.677296871305656,1.0,1.0,0.811
5.64652063797823,1.0,1.0,0.811
5.61588625494683,1.0,1.0,0.811
5.585393068411285,1.0,1.0,0.811
5.5550404275848475,1.0,1.0,0.811
5.524827684680308,1.0,1.0,0.811
5.494754194896158,1.0,1.0,0.811
5.464819316402831,1.0,1.0,0.811
5.4350224103290214,1.0,1.0,0.811
5.405362840748022,1.0,1.0,0.811
5.375839974664169,1.0,1.0,0.811
5.3464531819993395,1.0,1.0,0.811
5.317201835579485,1.0,1.0,0.811
5.288085311121254,1.0,1.0,0.811
5.259102987218682,1.0,1.0,0.811
5.23025424532991,1.0,1.0,0.811
5.201538469763985,1.0,1.0,0.811
5.1729550476677435,1.0,1.0,0.811
5.144503369012701,1.0,1.0,0.811
5.116182826582046,1.0,1.0,0.811
5.087992815957692,1.0,1.0,0.811
5.059932735507361,1.0,1.0,0.811
5.032001986371744,1.0,1.0,0.811
5.004199972451737,1.0,1.0,0.811
4.976526100395701,1.0,1.0,0.811
4.9489797795868045,1.0,1.0,0.811
4.921560422130427,1.0,1.0,0.811
4.894267442841596,1.0,1.0,0.811
4.867100259232509,1.0,1.0,0.811
4.840058291500107,1.0,1.0,0.811
4.813140962513682,1.0,1.0,0.811
4.786347697802578,1.0,1.0,0.811
4.759677925543918,1.0,1.0,0.811
4.733131076550413,1.0,1.0,0.811
4.706706584258204,1.0,1.0,0.811
4.680403884714766,1.0,1.0,0.811
4.654222416566894,1.0,1.0,0.811
4.628161621048695,1.0,1.0,0.811
4.602220941969678,1.0,1.0,0.811
4.576399825702892,1.0,1.0,0.811
4.550697721173088,1.0,1.0,0.811
4.525114079844972,1.0,1.0,0.811
4.499648355711504,1.0,1.0,0.811
4.474300005282229,1.0,1.0,0.811
4.4490684875716875,1.0,1.0,0.811
4.423953264087873,1.0,1.0,0.811
4.398953798820731,1.0,1.0,0.811
4.37406955823072,1.0,1.0,0.811
4.349300011237437,1.0,1.0,0.811
4.324644629208266,1.0,1.0,0.811
4.300102885947105,1.0,1.0,0.811
4.275674257683141,1.0,1.0,0.811
4.251358223059659,1.0,1.0,0.811
4.227154263122922,1.0,1.0,0.811
4.203061861311102,1.0,1.0,0.811
4.1790805034432426,1.0,1.0,0.811
4.155209677708288,1.0,1.0,0.811
4.1314488746541755,1.0,1.0,0.811
4.10779758717694,1.0,1.0,0.811
4.084255310509902,1.0,1.0,0.811
4.060821542212905,1.0,1.0,0.811
4.037495782161572,1.0,1.0,0.811
4.014277532536646,1.0,1.0,0.811
3.9911662978133586,1.0,1.0,0.811
3.968161584750865,1.0,1.0,0.811
3.9452629023817023,1.0,1.0,0.811
3.9224697620013194,1.0,1.0,0.811
3.8997816771576517,1.0,1.0,0.811
3.8771981636407293,1.0,1.0,0.811
3.8547187394723466,1.0,1.0,0.811
3.832342924895781,1.0,1.0,0.811
3.8100702423655477,1.0,1.0,0.811
3.7879002165372064,1.0,1.0,0.811
3.7658323742572275,1.0,1.0,0.811
3.7438662445528816,1.0,1.0,0.811
3.7220013586221903,1.0,1.0,0.811
3.7002372498239327,1.0,1.0,0.811
3.678573453667668,1.0,1.0,0.811
3.657009507803835,1.0,1.0,0.811
3.635544952013886,1.0,1.0,0.811
3.6141793282004517,1.0,1.0,0.811
3.592912180377576,1.0,1.0,0.811
3.5717430546609856,1.0,1.0,0.811
3.550671499258394,1.0,1.0,0.811
3.529697064459862,1.0,1.0,0.811
3.5088193026282095,1.0,1.0,0.811
3.4880377681894474,1.0,1.0,0.811
3.467352017623277,1.0,1.0,0.811
3.4467616094536275,1.0,1.0,0.811
3.4262661042392235,1.0,1.0,0.811
3.405865064564213,1.0,1.0,0.811
3.385558055028831,1.0,1.0,0.811
3.365344642240111,1.0,1.0,0.811
3.345224394802629,1.0,1.0,0.811
3.325196883309297,1.0,1.0,0.811
3.3052616803322064,1.0,1.0,0.811
3.2854183604134963,1.0,1.0,0.811
3.2656665000562786,1.0,1.0,0.811
3.2460056777156003,1.0,1.0,0.811
3.2264354737894445,1.0,1.0,0.811
3.2069554706097714,1.0,1.0,0.811
3.187565252433618,1.0,1.0,0.811
3.1682644054342086,1.0,1.0,0.811
3.149052517692132,1.0,1.0,0.811
3.1299291791865524,1.0,1.0,0.811
3.110893981786452,1.0,1.0,0.811
3.0919465192419215,1.0,1.0,0.811
3.0730863871755005,1.0,1.0,0.811
3.054313183073531,1.0,1.0,0.811
3.035626506277577,1.0,1.0,0.811
3.017025957975873,1.0,1.0,0.811
2.998511141194812,1.0,1.0,0.811
2.980081660790467,1.0,1.0,0.811
2.9617371234401704,1.0,1.0,0.811
2.943477137634108,1.0,1.0,0.811
2.9253013136669663,1.0,1.0,0.811
2.9072092636296234,1.0,1.0,0.811
2.8892006014008587,1.0,1.0,0.811
2.8712749426391158,1.0,1.0,0.811
2.8534319047743084,1.0,1.0,0.811
2.8356711069996425,1.0,1.0,0.811
2.817992170263497,1.0,1.0,0.811
2.8003947172613306,1.0,1.0,0.811
2.782878372427636,1.0,1.0,0.811
2.7654427619279143,1.0,1.0,0.811
2.7480875136507024,1.0,1.0,0.811
2.730812257199635,1.0,1.0,0.811
2.7136166238855313,1.0,1.0,0.811
2.69650024671853,1.0,1.0,0.811
2.6794627604002614,1.0,1.0,0.811
2.6625038013160447,1.0,1.0,0.811
2.6456230075271283,1.0,1.0,0.811
2.6288200187629736,1.0,1.0,0.811
2.6120944764135534,1.0,1.0,0.811
2.5954460235217067,1.0,1.0,0.811
2.5788743047755216,1.0,1.0,0.811
2.5623789665007455,1.0,1.0,0.811
2.545959656653241,1.0,1.0,0.811
2.5296160248114763,1.0,1.0,0.811
2.5133477221690375,1.0,1.0,0.811
2.4971544015271907,1.0,1.0,0.811
2.4810357172874737,1.0,1.0,0.811
2.464991325444314,1.0,1.0,0.811
2.4490208835776897,1.0,1.0,0.811
2.433124050845826,1.0,1.0,0.811
2.417300487977914,1.0,1.0,0.811
2.401549857266872,1.0,1.0,0.811
2.385871822562143,1.0,1.0,0.811
2.3702660492625136,1.0,1.0,0.811
2.3547322043089762,1.0,1.0,0.811
2.3392699561776236,1.0,1.0,0.811
2.3238789748725672,1.0,1.0,0.811
2.3085589319188995,1.0,1.0,0.811
2.2933095003556803,1.0,1.0,0.811
2.278130354728964,1.0,1.0,0.811
2.263021171084847,1.0,1.0,0.811
2.247981626962556,1.0,1.0,0.811
2.233011401387572,1.0,1.0,0.811
2.21811017486477,1.0,1.0,0.811
2.2032776293716063,1.0,1.0,0.811
2.1885134483513338,1.0,1.0,0.811
2.173817316706239,1.0,1.0,0.811
2.1591889207909207,1.0,1.0,0.811
2.1446279484056,1.0,1.0,0.811
2.1301340887894495,1.0,1.0,0.811
2.1157070326139653,1.0,1.0,0.811
2.1013464719763686,1.0,1.0,0.811
2.087052100393027,1.0,1.0,0.811
2.0728236127929187,1.0,1.0,0.811
2.0586607055111226,1.0,1.0,0.811
2.044563076282332,1.0,1.0,0.811
2.0305304242344073,1.0,1.0,0.811
2.0165624498819574,1.0,1.0,0.811
2.0026588551199414,1.0,1.0,0.811
1.988819343217311,1.0,1.0,0.811
1.9750436188106795,1.0,1.0,0.811
1.9613313878980114,1.0,1.0,0.811
1.947682357832353,1.0,1.0,0.811
1.9340962373155879,1.0,1.0,0.811
1.9205727363922152,1.0,1.0,0.811
1.9071115664431622,1.0,1.0,0.811
1.8937124401796313,1.0,1.0,0.811
1.880375071636959,1.0,1.0,0.811
1.8670991761685198,1.0,1.0,0.811
1.8538844704396462,1.0,1.0,0.811
1.8407306724215888,1.0,1.0,0.811
1.8276375013854902,1.0,1.0,0.811
1.8146046778963942,1.0,1.0,0.811
1.8016319238072898,1.0,1.0,0.811
1.7887189622531645,1.0,1.0,0.811
1.7758655176451015,1.0,1.0,0.811
1.7630713156643996,1.0,1.0,0.811
1.750336083256713,1.0,1.0,0.811
1.737659548626226,1.0,1.0,0.811
1.725041441229858,1.0,1.0,0.811
1.71248149177148,1.0,1.0,0.811
1.6999794321961716,1.0,1.0,0.811
1.687534995684505,1.0,1.0,0.811
1.6751479166468424,1.0,1.0,0.811
1.662817930717671,1.0,1.0,0.811
1.6505447747499646,1.0,1.0,0.811
1.6383281868095612,1.0,1.0,0.811
1.6261679061695755,1.0,1.0,0.811
1.6140636733048384,1.0,1.0,0.811
1.6020152298863506,1.0,1.0,0.811
1.5900223187757745,1.0,1.0,0.811
1.578084684019947,1.0,1.0,0.811
1.5662020708454127,1.0,1.0,0.811
1.5543742256529884,1.0,1.0,0.811
1.5426008960123552,1.0,1.0,0.811
1.530881830656663,1.0,1.0,0.811
1.5192167794771736,1.0,1.0,0.811
1.5076054935179206,1.0,1.0,0.811
1.4960477249704,1.0,1.0,0.811
1.4845432271682748,1.0,1.0,0.811
1.4730917545821152,1.0,1.0,0.811
1.46169306281416,1.0,1.0,0.811
1.4503469085930956,1.0,1.0,0.811
1.4390530497688658,1.0,1.0,0.811
1.4278112453075087,1.0,1.0,0.811
1.4166212552860054,1.0,1.0,0.811
1.4054828408871627,1.0,1.0,0.811
1.394395764394519,1.0,1.0,0.811
1.3833597891872658,1.0,1.0,0.811
1.3723746797351999,1.0,1.0,0.811
1.3614402015936995,1.0,1.0,0.811
1.3505561213987156,1.0,1.0,0.811
1.3397222068617949,1.0,1.0,0.811
1.3289382267651226,1.0,1.0,0.811
1.3182039509565855,1.0,1.0,0.811
1.3075191503448598,1.0,1.0,0.811
1.2968835968945274,1.0,1.0,0.811
1.2862970636212006,1.0,1.0,0.811
1.275759324586684,1.0,1.0,0.811
1.2652701548941518,1.0,1.0,0.811
1.2548293306833456,1.0,1.0,0.811
1.2444366291257967,1.0,1.0,0.811
1.234091828420076,1.0,1.0,0.811
1.2237947077870523,1.0,1.0,0.811
1.2135450474651854,1.0,1.0,0.811
1.2033426287058364,1.0,1.0,0.811
1.1931872337685965,1.0,1.0,0.811
1.1830786459166398,1.0,1.0,0.811
1.1730166494121002,1.0,1.0,0.811
1.1630010295114674,1.0,1.0,0.811
1.1530315724610003,1.0,1.0,0.811
1.1431080654921666,1.0,1.0,0.811
1.1332302968171049,1.0,1.0,0.811
1.1233980556241008,1.0,1.0,0.811
1.1136111320730873,1.0,1.0,0.811
1.1038693172911724,1.0,1.0,0.811
1.094172403368174,1.0,1.0,0.811
1.084520183352185,1.0,1.0,0.811
1.074912451245162,1.0,1.0,0.811
1.0653490019985195,1.0,1.0,0.811
1.0558296315087596,1.0,1.0,0.811
1.0463541366131177,1.0,1.0,0.811
1.0369223150852203,1.0,1.0,0.811
1.0275339656307731,1.0,1.0,0.811
1.0181888878832677,1.0,1.0,0.811
1.0088868823996981,1.0,1.0,0.811
0.9996277506563092,1.0,1.0,0.811
0.9904112950443611,1.0,1.0,0.811
0.9812373188659071,1.0,1.0,0.811
0.9721056263295982,1.0,1.0,0.811
0.963016022546507,1.0,1.0,0.811
0.9539683135259631,1.0,1.0,0.811
0.9449623061714163,1.0,1.0,0.811
0.935997808276317,1.0,1.0,0.811
0.9270746285200091,1.0,1.0,0.811
0.9181925764636512,1.0,1.0,0.811
0.9093514625461516,1.0,1.0,0.811
0.900551098080121,1.0,1.0,0.811
0.8917912952478462,1.0,1.0,0.811
0.8830718670972812,1.0,1.0,0.811
0.8743926275380614,1.0,1.0,0.811
0.8657533913375248,1.0,1.0,0.811
0.857153974116764,1.0,1.0,0.811
0.84859419234669,1.0,1.0,0.811
0.8400738633441163,1.0,1.0,0.811
0.8315928052678565,1.0,1.0,0.811
0.823150837114847,1.0,1.0,0.811
0.8147477787162827,1.0,1.0,0.811
0.8063834507337717,1.0,1.0,0.811
0.798057674655507,1.0,1.0,0.811
0.7897702727924623,1.0,1.0,0.811
0.7815210682745903,1.0,1.0,0.811
0.7733098850470552,1.0,1.0,0.811
0.7651365478664722,1.0,1.0,0.811
0.7570008822971686,1.0,1.0,0.811
0.7489027147074607,1.0,1.0,0.811
0.7408418722659464,1.0,1.0,0.811
0.7328181829378235,1.0,1.0,0.811
0.7248314754812075,1.0,1.0,0.811
0.7168815794434846,1.0,1.0,0.811
0.7089683251576713,1.0,1.0,0.811
0.7010915437387941,1.0,1.0,0.811
0.693251067080283,1.0,1.0,0.811
0.6854467278503904,1.0,1.0,0.811
0.67767835948861,1.0,1.0,0.811
0.6699457962021296,1.0,1.0,0.811
0.6622488729622893,1.0,1.0,0.811
0.6545874255010609,1.0,1.0,0.811
0.6469612903075401,1.0,1.0,0.811
0.6393703046244628,1.0,1.0,0.811
0.6318143064447226,1.0,1.0,0.811
0.624293134507919,1.0,1.0,0.811
0.6168066282969151,1.0,1.0,0.811
0.6093546280344109,1.0,1.0,0.811
0.6019369746795316,1.0,1.0,0.811
0.594553509924441,1.0,1.0,0.811
0.5872040761909518,1.0,1.0,0.811
0.5798885166271701,1.0,1.0,0.811
0.5726066751041459,1.0,1.0,0.811
0.5653583962125404,1.0,1.0,0.811
0.5581435252593088,1.0,1.0,0.811
0.5509619082644039,1.0,1.0,0.811
0.5438133919574817,1.0,1.0,0.811
0.5366978237746352,1.0,1.0,0.811
0.5296150518551377,1.0,1.0,0.811
0.5225649250382023,1.0,1.0,0.811
0.5155472928597542,1.0,1.0,0.811
0.5085620055492193,1.0,1.0,0.811
0.5016089140263336,1.0,1.0,0.811
0.49468786989795155,1.0,1.0,0.811
0.487798725454887,1.0,1.0,0.811
0.48094133366875713,1.0,1.0,0.811
0.47411554818884616,1.0,1.0,0.811
0.4673212233389792,1.0,1.0,0.811
0.46055821411442,1.0,1.0,0.811
0.45382637617876753,1.0,1.0,0.811
0.4471255658608806,1.0,1.0,0.811
0.4404556401518107,1.0,1.0,0.811
0.43381645670174995,1.0,1.0,0.811
0.42720787381699177,1.0,1.0,0.811
0.42062975045691164,1.0,1.0,0.811
0.4140819462309493,1.0,1.0,0.811
0.40756432139561816,1.0,1.0,0.811
0.40107673685152156,1.0,1.0,0.811
0.39461905414038356,1.0,1.0,0.811
0.38819113544209305,1.0,1.0,0.811
0.38179284357176746,1.0,1.0,0.811
0.3754240419768171,1.0,1.0,0.811
0.36908459473403665,1.0,1.0,0.811
0.36277436654670203,1.0,1.0,0.811
0.35649322274168327,1.0,1.0,0.811
0.35024102926657075,1.0,1.0,0.811
0.34401765268681284,1.0,1.0,0.811
0.33782296018287195,1.0,1.0,0.811
0.33165681954738435,1.0,1.0,0.811
0.32551909918234245,1.0,1.0,0.811
0.31940966809628457,1.0,1.0,0.811
0.31332839590150074,1.0,1.0,0.811
0.3072751528112472,1.0,1.0,0.811
0.30124980963698245,1.0,1.0,0.811
0.29525223778560217,1.0,1.0,0.811
0.28928230925670007,1.0,1.0,0.811
0.2833398966398346,1.0,1.0,0.811
0.2774248731118101,1.0,1.0,0.811
0.27153711243396805,1.0,1.0,0.811
0.26567648894949913,1.0,1.0,0.811
0.25984287758075286,1.0,1.0,0.811
0.25403615382657363,1.0,1.0,0.811
0.24825619375964258,1.0,1.0,0.811
0.2425028740238322,1.0,1.0,0.811
0.236776071831573,1.0,1.0,0.811
0.23107566496123733,1.0,1.0,0.811
0.22540153175452393,1.0,1.0,0.811
0.21975355111386619,1.0,1.0,0.811
0.21413160249984675,1.0,1.0,0.811
0.20853556592862477,1.0,1.0,0.811
0.2029653219693739,1.0,1.0,0.811
0.1974207517417379,1.0,1.0,0.811
0.19190173691328738,1.0,1.0,0.811
0.1864081596969982,1.0,1.0,0.811
0.18093990284873662,1.0,1.0,0.811
0.1754968496647571,1.0,1.0,0.811
0.17007888397921178,1.0,1.0,0.811
0.16468589016167012,1.0,1.0,0.811
0.15931775311465524,1.0,1.0,0.811
0.15397435827118122,1.0,1.0,0.811
0.14865559159231223,1.0,1.0,0.811
0.14336133956472752,1.0,1.0,0.811
0.1380914891982996,1.0,1.0,0.811
0.13284592802368023,1.0,1.0,0.811
0.12762454408990598,1.0,1.0,0.811
0.12242722596200095,1.0,1.0,0.811
0.1172538627186046,1.0,1.0,0.811
0.11210434394960167,1.0,1.0,0.811
0.10697855975376735,1.0,1.0,0.811
0.10187640073641924,1.0,1.0,0.811
0.09679775800708756,1.0,1.0,0.811
0.09174252317718556,1.0,1.0,0.811
0.08671058835769907,1.0,1.0,0.811
0.08170184615688436,1.0,1.0,0.811
0.07671618967797467,1.0,1.0,0.811
0.0717535125168991,1.0,1.0,0.811
0.06681370876001513,1.0,1.0,0.811
0.06189667298184243,1.0,1.0,0.811
0.05700230024281616,1.0,1.0,0.811
0.052130486087047734,1.0,1.0,0.811
0.04728112654009409,1.0,1.0,0.811
0.0424541181067386,1.0,1.0,0.811
0.03764935776878575,1.0,1.0,0.811
0.03286674298285708,1.0,1.0,0.811
0.028106171678205616,1.0,1.0,0.811
0.023367542254538298,1.0,1.0,0.811
0.018650753579845247,1.0,1.0,0.811
0.013955704988243944,1.0,1.0,0.811
0.009282296277827617,1.0,1.0,0.811
0.004630427708531837,1.0,1.0,0.811
0.0,1.0,1.0,0.811
