z,E,Omega_m,Omega_Lambda,Qtilde
0.0,1.0,0.3,0.6999099999999999,-0.0954318561223685
0.0100200400801603,1.0045243204089298,0.3061977706359717,0.7027776778628951,-0.0967556074482246
0.0200400801603206,1.0090757295519228,0.3124930733513568,0.7056433204120648,-0.0980883988040591
0.0300601202404809,1.0136543608874429,0.3188869244570368,0.7085069194439161,-0.0994302460254872
0.0400801603206412,1.018260343411305,0.3253803415823569,0.7113684656465888,-0.1007811654103426
0.0501002004008016,1.0228938017770406,0.3319743436754799,0.7142279487119085,-0.1021411737296032
0.0601202404809619,1.0275548563479466,0.3386699509126987,0.7170853574013704,-0.1035102882178633
0.0701402805611222,1.0322436232725352,0.3454681846439577,0.7199406796238796,-0.1048885265702469
0.0801603206412825,1.0369602145818877,0.3523700673745539,0.72279390252374,-0.1062759069453729
0.0901803607214428,1.041704738218585,0.3593766226510044,0.7256450125242117,-0.107672447947818
0.1002004008016032,1.0464772981564532,0.3664888750831078,0.7284939954234192,-0.1090781686369379
0.1102204408817635,1.0512779944252268,0.373707850229824,0.7313408364302131,-0.1104930885073703
0.1202404809619238,1.0561069232068585,0.3810345745941937,0.7341855202406331,-0.1119172274903185
0.1302605210420841,1.0609641768938842,0.3884700755654755,0.7370280310891095,-0.1133506059433752
0.1402805611222445,1.06584984414004,0.3960153813517504,0.7398683527930182,-0.1147932446377858
0.1503006012024048,1.0707640099586822,0.4036715209892178,0.7427064688228515,-0.116245164759594
0.1603206412825651,1.075706755736611,0.4114395242236325,0.7455423623210445,-0.1177063878855882
0.1703406813627254,1.0806781593529846,0.4193204215579487,0.7483760161795825,-0.1191769359901197
0.1803607214428857,1.0856782951834465,0.4273152441229586,0.7512074130495233,-0.1206568314178295
0.1903807615230461,1.090707234211211,0.4354250237192181,0.7540365354099049,-0.1221460968878821
0.2004008016032064,1.095765044046853,0.4436507927165537,0.7568633655828185,-0.1236447554710819
0.2104208416833667,1.1008517890128409,0.4519935840594995,0.7596878857834732,-0.1251528305860812
0.220440881763527,1.1059675301907486,0.4604544312152964,0.7625100781474983,-0.1266703459844881
0.2304609218436873,1.1111123254742747,0.4690343681331136,0.7653299247600713,-0.1281973257376673
0.2404809619238476,1.1162862296441585,0.4777344292422325,0.7681474076955114,-0.1297337942300465
0.250501002004008,1.121489294393173,0.4865556493689864,0.770962509028103,-0.1312797761376276
0.2605210420841683,1.1267215684231378,0.49549906377701,0.7737752108808132,-0.1328352964279452
0.2705410821643286,1.1319830974490006,0.5045657080522521,0.776585495422318,-0.1344003803324821
0.280561122244489,1.1372739243104966,0.5137566181736214,0.7793933449207809,-0.1359750533511745
0.2905811623246493,1.14259408896277,0.5230728303775983,0.7821987417316099,-0.1375593412210293
0.3006012024048096,1.1479436285959723,0.5325153812483107,0.7850016683527746,-0.1391532699232767
0.3106212424849699,1.1533225776183176,0.5420853075711675,0.787802107406816,-0.1407568656500217
0.3206412825651302,1.1587309677789317,0.5517836464344447,0.7906000416953715,-0.1423701548127378
0.3306613226452906,1.164168828146943,0.5616114350777891,0.7933954541776296,-0.143993164008099
0.3406813627254509,1.1696361852351842,0.5715697110011163,0.7961883280229949,-0.1456259200271778
0.3507014028056112,1.1751330629767884,0.5816595118103105,0.7989786465869979,-0.1472684498209666
0.3607214428857715,1.1806594828491077,0.5918818753322541,0.8017663934619634,-0.1489207805101585
0.3707414829659318,1.1862154638479736,0.6022378394577921,0.8045515524506803,-0.1505829393504711
0.3807615230460922,1.1918010226119389,0.6127284422630366,0.8073341076153149,-0.1522549537431022
0.3907815631262525,1.197416173394208,0.6233547218494008,0.8101140432490369,-0.1539368511999136
0.4008016032064128,1.2030609281868314,0.6341177164704574,0.8128913439231773,-0.1556286593545076
0.4108216432865731,1.2087352966913711,0.6450184643708684,0.8156659944575193,-0.1573304059276371
0.4208416833667334,1.2144392864410622,0.6560580039149558,0.8184379799648938,-0.1590421187383562
0.4308617234468938,1.2201729027733494,0.6672373734304597,0.8212072858218238,-0.16076382567064
0.4408817635270541,1.2259361489456049,0.678557611330103,0.8239738977086011,-0.1624955546833253
0.4509018036072144,1.2317290261152831,0.690019755971492,0.8267378015831662,-0.1642373337797046
0.4609218436873747,1.2375515334421625,0.7016248457574327,0.8294989837135066,-0.1659891910141718
0.470941883767535,1.2434036680842673,0.7133739190285359,0.8322574306586971,-0.1677511544672796
0.4809619238476953,1.2492854252776646,0.7252680141236016,0.8350131292896519,-0.1695232522464081
0.4909819639278557,1.2551967983574717,0.7373081693245358,0.8377660667816504,-0.1713055124691291
0.501002004008016,1.2611377788061544,0.7494954228571772,0.8405162306195725,-0.173097963255174
0.5110220440881763,1.267108356307591,0.7618308129061993,0.8432636086054461,-0.1749006327205483
0.5210420841683366,1.2731085187579738,0.7743153775424676,0.8460081888458847,-0.1767135489590097
0.531062124248497,1.2791382523555124,0.786950154815125,0.8487499597755923,-0.1785367400477554
0.5410821643286573,1.2851975415761188,0.7997361826079235,0.8514889101284852,-0.1803702340190497
0.5511022044088176,1.291286369290074,0.8126744987922558,0.854225028972931,-0.1822140588748981
0.561122244488978,1.2974047167190457,0.8257661410454846,0.8569583056744776,-0.1840682425538129
0.5711422845691383,1.303552563554798,0.8390121470133703,0.859688729931443,-0.1859328129469523
0.5811623246492986,1.3097298879293915,0.8524135541575953,0.8624162917437396,-0.1878077978696668
0.5911823647294588,1.3159366665014918,0.8659713998534471,0.8651409814335612,-0.1896932250686562
0.6012024048096192,1.322172874471501,0.8796867213361653,0.8678627896342763,-0.1915891222079474
0.6112224448897795,1.3284384856106477,0.8935605556778655,0.8705817072856801,-0.1934955168594964
0.6212424849699398,1.334733472335212,0.9075939398663316,0.8732977256487837,-0.1954124365079415
0.6312625250501002,1.3410578056785327,0.9217879106583684,0.8760108362762777,-0.1973399085246342
0.6412825651302605,1.3474114554061785,0.9361435047537268,0.8787210310449015,-0.1992779601856837
0.6513026052104208,1.353794389968296,0.9506617586058688,0.8814283021177476,-0.201226618640769
0.6613226452905812,1.3602065766029507,0.965343708573929,0.8841326419713622,-0.2031859109283958
0.6713426853707415,1.366647981328324,0.9801903908252032,0.8868340433753832,-0.2051558639576349
0.6813627254509018,1.3731185689808922,0.9952028413424784,0.8895324993919748,-0.2071365045042692
0.6913827655310621,1.379618303281686,1.0103820959991368,0.8922280033868877,-0.2091278592159454
0.7014028056112224,1.3861471468026665,1.0257291904030432,0.8949205489990233,-0.2111299545871044
0.7114228456913827,1.3927050610804472,1.0412451600859376,0.8976101301713162,-0.2131428169794471
0.721442885771543,1.3992920065699586,1.05693104031908,0.9002967411154349,-0.2151664725936914
0.7314629258517034,1.4059079427270107,1.0727878662334454,0.9029803763298304,-0.2172009474812407
0.7414829659318637,1.412552828027422,1.088816672792503,0.9056610305916638,-0.2192462675367623
0.751503006012024,1.4192266199628878,1.1050184947087134,0.9083386989396836,-0.2213024584839307
0.7615230460921844,1.4259292751387525,1.1213943666083286,0.9110133766982732,-0.2233695458929231
0.7715430861723447,1.432660749219718,1.1379453228285683,0.9136850594404898,-0.2254475551513992
0.781563126252505,1.4394209970270253,1.154672397584827,0.9163537430120084,-0.2275365114825254
0.7915831663326653,1.446209972535876,1.1715766248963164,0.9190194235152196,-0.2296364399325758
0.8016032064128256,1.453027628883174,1.1886590385362497,0.9216820972978916,-0.2317473653620108
0.8116232464929859,1.459873918456128,1.2059206721863034,0.9243417609735824,-0.2338693124619313
0.8216432865731462,1.4667487928362803,1.223362559230004,0.9269984113856689,-0.2360023057260743
0.8316633266533066,1.4736522028940406,1.2409857329255225,0.9296520456303052,-0.2381463694697573
0.8416833667334669,1.480584098788166,1.2587912263411911,0.932302661042416,-0.2403015278196851
0.8517034068136272,1.4875444299624307,1.2767800722826452,0.9349502551811006,-0.2424678047031359
0.8617234468937875,1.4945331452387407,1.2949533034704583,0.93759482585198,-0.2446452238674714
0.8717434869739479,1.5015501927613988,1.3133119523346566,0.9402363710729456,-0.2468338088536043
0.8817635270541082,1.5085955200731205,1.3318570511511791,0.9428748890902876,-0.2490335830107749
0.8917835671342685,1.5156690741393894,1.3505896320473314,0.9455103783751578,-0.2512445694955527
0.9018036072144288,1.522770801315454,1.3695107268552464,0.9481428375989632,-0.2534667912531499
0.9118236472945892,1.5299006474476329,1.3886213673227754,0.9507722656590264,-0.2557002710410127
0.9218436873747494,1.5370585578334577,1.4079225849511203,0.9533986616518024,-0.2579450314085248
0.9318637274549098,1.544244477254029,1.4274154110244983,0.9560220248732848,-0.2602010946995399
0.94188376753507,1.551458350040542,1.4471008767357785,0.9586423548318596,-0.2624684830659449
0.9519038076152304,1.558700120015763,1.4669800129731725,0.9612596512156948,-0.2647472184421775
0.9619238476953909,1.565969730578505,1.487053850496971,0.9638739139125242,-0.2670373225649191
0.9719438877755512,1.5732671247132402,1.507323419915036,0.9664851430021496,-0.2693388169695261
0.9819639278557114,1.5805922449582557,1.5277897515422527,0.969093338734488,-0.271651722973572
0.9919839679358716,1.587945033501391,1.5484538756162234,0.9716985015534712,-0.2739760617008795
1.002004008016032,1.5953254321446493,1.5693168221495706,0.9743006320741412,-0.2763118540644022
1.0120240480961924,1.6027333823181016,1.590379620918864,0.9768997310777444,-0.2786591207648383
1.0220440881763526,1.6101688251554869,1.6116433016315004,0.9794957995285546,-0.2810178823090459
1.032064128256513,1.617631701437284,1.633108893716768,0.9820888385442784,-0.283388158986654
1.0420841683366733,1.625121951645023,1.6547774264338344,0.9846788494057992,-0.2857699708821238
1.0521042084168335,1.6326395160050071,1.6766499289536845,0.9872658335630676,-0.2881633378837176
1.062124248496994,1.6401843344301057,1.698727430145461,0.9898497926060208,-0.2905682796601956
1.0721442885771542,1.6477563465991745,1.721010958763174,0.992430728283252,-0.2929848156815046
1.0821643286573146,1.6553554919691411,1.7435015434398191,0.9950086424974016,-0.2954129652182559
1.0921843687374748,1.6629817097296624,1.7662002125106575,0.9975835372813724,-0.2978527473229829
1.1022044088176353,1.67063493889096,1.789107994231772,1.0001554148199894,-0.3003041808541391
1.1122244488977957,1.6783151182716751,1.8122259167049155,1.002724277437708,-0.3027672844683377
1.122244488977956,1.686022186471188,1.835555007753544,1.0052901275815689,-0.3052420766076993
1.132264529058116,1.693756081955321,1.8590962951422187,1.0078529678422177,-0.3077285755237587
1.1422845691382766,1.7015167430284626,1.882850806455309,1.010412800936991,-0.310226799265096
1.1523046092184368,1.7093041078214437,1.906819569021226,1.0129696296986923,-0.3127367656701055
1.1623246492985972,1.717118114371354,1.9310036101208008,1.01552345709476,-0.3152584923895579
1.1723446893787577,1.724958700584536,1.9554039568385404,1.018074286208007,-0.317791996871679
1.1823647294589177,1.7328258042351066,1.980021636021404,1.0206221202294392,-0.3203372963587546
1.192384769539078,1.740719363038987,2.0048576744757383,1.0231669624756556,-0.3228944079083325
1.2024048096192383,1.748639314612643,2.029913098805387,1.0257088163688666,-0.3254633483772683
1.2124248496993988,1.7565855964764432,2.0551889353878017,1.0282476854317608,-0.3280441344202809
1.222444889779559,1.7645581461248985,2.080686210565062,1.0307835733038169,-0.3306367825103885
1.2324649298597194,1.7725569009848705,2.1064059504802937,1.0333164837218012,-0.3332413089230941
1.2424849699398797,1.780581798417906,2.132349181052782,1.0358464205147375,-0.335857729734962
1.25250501002004,1.7886327757892566,2.1585169281707834,1.038373387619983,-0.3384860608440854
1.2625250501002003,1.7967097704288766,2.184910217536978,1.0408973890652091,-0.3411263179554639
1.2725450901803608,1.804812719627101,2.2115300746240947,1.0434184289616977,-0.3437785165777295
1.282565130260521,1.812941560704668,2.2383775248764595,1.0459365115208714,-0.3464426720443389
1.2925851703406812,1.821096230980052,2.26545359357649,1.0484516410388127,-0.3491187995012847
1.3026052104208417,1.8292766677533696,2.292759305763144,1.0509638218863169,-0.3518069139002501
1.312625250501002,1.8374828083784855,2.3202956864457405,1.0534730585262058,-0.3545070300208526
1.3226452905811623,1.8457145902406555,2.3480637605054038,1.055979355501515,-0.3572191624619868
1.3326653306613223,1.853971950724936,2.376064552562616,1.0584827174212343,-0.3599433256301277
1.342685370741483,1.862254827289344,2.4042990871998478,1.0609831489780657,-0.3626795337622651
1.3527054108216432,1.87056315745671,2.432768388912225,1.0634806549413554,-0.3654278009221668
1.3627254509018036,1.878896878767314,2.4614734819216264,1.0659752401385258,-0.3681881409836762
1.372745490981964,1.8872559288484512,2.4904153903921813,1.0684669094718544,-0.3709605676527779
1.3827655310621243,1.895640245423112,2.519595138440447,1.0709556679168224,-0.3737450944696594
1.3927855711422843,1.9040497662533016,2.54901374991692,1.0734415205012393,-0.3765417347890878
1.4028056112224447,1.912484429195276,2.5786722485765567,1.0759244723178634,-0.3793505017980079
1.4128256513026052,1.920944172227072,2.6085716581569502,1.0784045285286388,-0.3821714085240913
1.4228456913827654,1.929428933394576,2.638713002168919,1.0808816943450992,-0.3850044678171722
1.4328657314629258,1.937938650838109,2.6690973039699264,1.083355975032703,-0.387849692357548
1.442885771543086,1.9464732628396504,2.6997255869147763,1.0858273759210753,-0.390707094671314
1.4529058116232465,1.9550327077845195,2.7305988742016902,1.0882959023893868,-0.3935766871171594
1.4629258517034067,1.963616924149384,2.76171818881006,1.0907615598596894,-0.3964584818819511
1.4729458917835672,1.9722258505647745,2.793084553709491,1.0932243538117583,-0.3993524910014094
1.4829659318637274,1.9808594258015428,2.82469899179613,1.0956842897759584,-0.4022587263553578
1.4929859719438878,1.9895175887242875,2.856562525705493,1.0981413733169512,-0.4051771996518284
1.503006012024048,1.9982002783542947,2.888676178026922,1.1005956100487713,-0.408107922448091
1.5130260521042085,2.006907433881792,2.9210409713358843,1.1030470056353223,-0.4110509061547384
1.5230460921843687,2.01563899461159,2.953657927977878,1.105495565772224,-0.4140061620172666
1.533066132264529,2.024394899995058,2.986528070171776,1.1079412961932311,-0.4169737011268367
1.5430861723446894,2.0331750896697223,3.019652420145709,1.1103842026786614,-0.4199535344337519
1.5531062124248496,2.041979503425061,3.0530319999965068,1.1128242910432111,-0.4229456727359582
1.56312625250501,2.050808081182318,3.086667831599012,1.1152615671279609,-0.4259501266722603
1.5731462925851702,2.059660763054629,3.1205609368220046,1.1176960368146822,-0.4289669067429149
1.583166332665331,2.068537489343458,3.1547123375049178,1.120127706022403,-0.4319960233086584
1.593186372745491,2.0774382004849272,3.1891230552397656,1.1225565806904172,-0.4350374865726074
1.6032064128256511,2.086362837097257,3.2237941115415305,1.1249826667891931,-0.4380913065966776
1.6132264529058116,2.095311340006676,3.258726527939637,1.127405970325241,-0.4411574933107772
1.6232464929859718,2.1042836502081665,3.293921325815823,1.1298264973283196,-0.444236056499706
1.6332665330661322,2.113279708855384,3.329379526353135,1.1322442538468058,-0.4473270058000061
1.6432865731462925,2.122299457315263,3.3651021507411425,1.134659245960513,-0.4504303507190924
1.653306613226453,2.131342837162253,3.40109022014627,1.137071479777152,-0.4535461006337303
1.6633266533066131,2.1404097901257115,3.437344755493561,1.1394809614164552,-0.4566742647723386
1.6733466933867736,2.1495002581347142,3.473866777635501,1.141887697020466,-0.4598148522308597
1.6833667334669338,2.15861418334325,3.510657307446667,1.14429169275846,-0.462967871981985
1.6933867735470942,2.1677515080971537,3.5477173656840835,1.1466929548164708,-0.4661333328642564
1.7034068136272544,2.1769121749128257,3.5850479728921854,1.1490914893901605,-0.4693112435751874
1.7134268537074149,2.1860961265322776,3.622650149619236,1.151487302697784,-0.4725016126908907
1.723446893787575,2.195303305924359,3.66052491641797,1.153880400978903,-0.4757044486671302
1.733466933867735,2.2045336562341173,3.698673293631285,1.1562707904797265,-0.4789197598223028
1.7434869739478958,2.213787120807743,3.7370963014873406,1.1586584774582942,-0.4821475543466904
1.753507014028056,2.2230636432279405,3.775794960241401,1.1610434681922517,-0.4853878403154425
1.7635270541082164,2.232363167297457,3.814770290103773,1.163425768973202,-0.4886406256835187
1.7735470941883766,2.241685636994125,3.854023311045549,1.165805386093928,-0.4919059182706029
1.783567134268537,2.251030996522148,3.893555043008049,1.168182325860394,-0.4951837257797061
1.7935871743486973,2.2603991903266505,3.933366505961665,1.1705565945941954,-0.4984740558030041
1.8036072144288575,2.269790163060066,3.9734587197601305,1.1729281986228215,-0.5017769158107707
1.813627254509018,2.2792038595637845,4.013832704056724,1.1752971442739826,-0.505092313145604
1.8236472945891784,2.2886402249190243,4.054489478517914,1.177663437887433,-0.5084202550410556
1.8336673346693384,2.298099204448856,4.095430062830952,1.1800270858143689,-0.5117607486231455
1.8436873747494988,2.3075807436727875,4.136655476504708,1.18238809440503,-0.5151138008950893
1.8537074148296595,2.317084788317034,4.178166738909521,1.1847464700104104,-0.5184794187416494
1.8637274549098195,2.3266112843538296,4.219964869446423,1.1871022189911289,-0.5218576089438394
1.87374749498998,2.336160177995416,4.262050887520571,1.1894553477149634,-0.5252483781776316
1.88376753507014,2.345731415644727,4.304425812321693,1.1918058625438204,-0.5286517329972353
1.8937875751503008,2.3553249439263246,4.34709066295713,1.1941537698406297,-0.5320676798468554
1.9038076152304608,2.364940709713445,4.39004645857132,1.1964990759751697,-0.5354962250711551
1.9138276553106213,2.3745786601158616,4.433294218292184,1.19884178732026,-0.5389373749117975
1.9238476953907813,2.384238742432925,4.476834961018581,1.2011819102396168,-0.5423911354914888
1.9338677354709417,2.3939209041956038,4.520669705606903,1.2035194510974512,-0.5458575128297967
1.943887775551102,2.4036250931845093,4.564799470953275,1.2058544162621208,-0.549336512850478
1.9539078156312624,2.413351257413193,4.609225275918783,1.208186812101385,-0.552828141376376
1.9639278557114228,2.423099345086108,4.653948139136208,1.2105166449717175,-0.5563324041151565
1.973947895791583,2.4328693046446968,4.698969079219524,1.2128439212288398,-0.5598493066766875
1.9839679358717437,2.44266108478012,4.744289114824226,1.2151686472301442,-0.5633788545785224
1.993987975951904,2.4524746344140325,4.789909264560169,1.2174908293295117,-0.5669210532398694
2.004008016032064,2.462309902660427,4.835830546813511,1.2198104738677822,-0.5704759079686587
2.0140280561122244,2.472166838872209,4.882053979963137,1.2221275871833517,-0.574043423979208
2.024048096192385,2.48204539265144,4.928580582431153,1.2244421756140556,-0.5776236063968446
2.034068136272545,2.4919455138300504,4.975411372594536,1.2267542454921296,-0.5812164602518255
2.044088176352705,2.5018671524325398,5.022547368608668,1.229063803135088,-0.5848219904666503
2.0541082164328657,2.511810258721682,5.069989588624145,1.2313708548560538,-0.5884402018735133
2.064128256513026,2.52177478320809,5.117739050836436,1.2336754069655895,-0.5920710992187286
2.074148296593186,2.5317606766340672,5.165796773407909,1.2359774657673417,-0.5957146871576627
2.0841683366733466,2.5417678899329044,5.214163774278344,1.2382770375485894,-0.599370970240896
2.094188376753507,2.5517963742733745,5.262841071376361,1.2405741285900602,-0.6030399529312179
2.1042084168336674,2.56184608107066,5.311829682676963,1.2428687451681215,-0.6067216396085727
2.1142284569138274,2.571916961973584,5.361130626143218,1.2451608935515015,-0.610416034566305
2.124248496993988,2.5820089688215337,5.4107449195168575,1.2474505799912048,-0.6141231419962209
2.1342685370741483,2.592122053683414,5.460673580510369,1.2497378107291863,-0.617842966003738
2.1442885771543083,2.602256168872474,5.510917626884033,1.2520225920014316,-0.6215755106142512
2.1543086172344688,2.6124112669383246,5.561478076410922,1.2543049300358573,-0.6253207797711186
2.164328657314629,2.6225873006223144,5.6123559466571376,1.25658483104205,-0.6290787773200744
2.1743486973947896,2.6327842228859644,5.663552255124926,1.2588623012175253,-0.6328495070205621
2.1843687374749496,2.643001986932606,5.715068019365145,1.2611373467523723,-0.6366329725546344
2.19438877755511,2.653240546203532,5.766904256963072,1.2634099738281557,-0.6404291775264519
2.2044088176352705,2.663499854337228,5.819061985335395,1.2656801886086686,-0.6442381254480424
2.214428857715431,2.673779865179341,5.871542221782321,1.2679479972420715,-0.6480598197438303
2.224448897795591,2.684080532813834,5.924345983650172,1.2702134058676555,-0.6518942637630925
2.2344689378757514,2.69440181156216,5.977474288332803,1.2724764206154735,-0.6557414607805638
2.244488977955912,2.704743655953216,6.030928153121449,1.274737047599598,-0.6596014139861267
2.254509018036072,2.715106020708416,6.084708595129645,1.2769952929147994,-0.6634741264800572
2.2645290581162323,2.725488860781648,6.138816631503674,1.279251162645231,-0.6673596012888067
2.2745490981963927,2.7358921313617386,6.193253279441256,1.2815046628648317,-0.671257841366821
2.284569138276553,2.746315787857092,6.24801955611671,1.2837557996338786,-0.6751688495916762
2.294589178356713,2.756759785858373,6.303116478487934,1.2860045789908756,-0.6790926287509005
2.3046092184368736,2.7672240811776088,6.358545063505283,1.2882510069610102,-0.6830291815574769
2.314629258517034,2.777708629858449,6.41430632817159,1.290495089558291,-0.6869785106545816
2.3246492985971945,2.7882133881711635,6.470401289521829,1.292736832784388,-0.6909406186145818
2.3346693386773545,2.7987383125721386,6.526830964411173,1.2949762426199471,-0.694915507924596
2.344689378757515,2.809283359719285,6.583596369600179,1.2972133250279274,-0.6989031809931003
2.354709418837676,2.8198484864981923,6.640698521900471,1.2994480859591635,-0.7029036401606598
2.364729458917836,2.830433650021132,6.6981384381760565,1.3016805313521065,-0.7069168877004224
2.374749498997996,2.8410388076027724,6.755917135217215,1.3039106671276697,-0.7109429258097559
2.3847695390781563,2.8516639167377584,6.814035629621634,1.3061384991845628,-0.7149817566025207
2.3947895791583167,2.862308935139997,6.8724949380130855,1.3083640334076234,-0.7190333821247942
2.4048096192384767,2.872973820746592,6.931296077069643,1.310587275668633,-0.723097804357218
2.414829659318637,2.883658531710992,6.990440063492665,1.3128082318248804,-0.7271750252132331
2.4248496993987976,2.8943630263625875,7.049927913787699,1.3150269077107946,-0.7312650465244535
2.434869739478958,2.905087263229523,7.10976064439449,1.3172433091427995,-0.7353678700501373
2.444889779559118,2.915831201059196,7.1699392718071016,1.3194574419236165,-0.7394834974858403
2.4549098196392785,2.9265947988169576,7.230464812573796,1.3216693118420124,-0.7436119304637488
2.464929859719439,2.9373780156631466,7.291338283174078,1.3238789246681113,-0.7477531705446769
2.474949899799599,2.9481808109304226,7.352560699894519,1.3260862861488545,-0.751907219210109
2.48496993987976,2.959003144161677,7.414133079047872,1.3282914020158902,-0.7560740778775287
2.49498997995992,2.969844975114005,7.476056437002688,1.3304942779864384,-0.7602537479027581
2.50501002004008,2.98070626375429,7.538331790165309,1.3326949197624378,-0.764446230579059
2.51503006012024,2.9915869702218667,7.6009601547711165,1.3348933330230577,-0.7686515271234814
2.5250501002004007,3.002487054840471,7.663942546956958,1.3370895234272735,-0.7728696386821969
2.535070140280561,3.0134064781435552,7.7272799829131396,1.3392834966190972,-0.7771005663410533
2.545090180360721,3.02434520087351,7.790973478886413,1.3414752582274836,-0.7813443111260621
2.555110220440881,3.0353031839691784,7.855024051114232,1.343664813863908,-0.7856008739993275
2.565130260521042,3.0462803885304117,7.919432715622204,1.3458521691153986,-0.7898702558459935
2.5751503006012024,3.05727677585153,7.984200488424514,1.3480373295514003,-0.7941524574879566
2.5851703406813624,3.06829230743178,8.049328385592355,1.3502203007259628,-0.7984474796886926
2.595190380761523,3.0793269449737912,8.114817423252465,1.3524010881775217,-0.8027553231534195
2.6052104208416837,3.0903806503599425,8.180668617453335,1.3545796974243285,-0.8070759885206058
2.615230460921844,3.101453385633946,8.246882984059772,1.3567561339609826,-0.8114094763554511
2.625250501002004,3.1125451130362167,8.313461538969259,1.3589304032655782,-0.8157557871644191
2.635270541082164,3.1236557950067643,8.380405298136797,1.361102510800383,-0.8201149213971094
2.6452905811623246,3.134785394182457,8.44771527756605,1.3632724620114096,-0.8244868794459226
2.655310621242485,3.1459338733652085,8.515392493123,1.3654402623223345,-0.8288716616342588
2.665330661322645,3.157101195522125,8.58343796054094,1.3676059171347206,-0.833269268217227
2.675350701402805,3.168287323814564,8.651852695603232,1.369769431833844,-0.8376796993937692
2.685370741482966,3.179492221598158,8.720637714151184,1.3719308117888158,-0.8421029553073869
2.695390781563126,3.190715852418213,8.789794032063387,1.3740900623518146,-0.8465390360450333
2.7054108216432864,3.201958179974356,8.859322665043564,1.3762471888514292,-0.8509879416238028
2.715430861723447,3.2132191681338456,8.929224628707086,1.3784021965954292,-0.8554496719968271
2.7254509018036077,3.2244987809538284,8.999500938725394,1.3805550908752051,-0.8599242270627581
2.7354709418837677,3.235796982680444,9.07015261082825,1.3827058769657286,-0.8644116066661064
2.745490981963928,3.2471137377425427,9.14118066077198,1.3848545601244877,-0.8689118105954252
2.755511022044088,3.2584490107158923,9.21258610412032,1.3870011455848503,-0.8734248385697141
2.7655310621242486,3.2698027663435,9.284369956376713,1.3891456385601433,-0.8779506902471105
2.7755511022044086,3.281174969553265,9.356533233102535,1.3912880442471625,-0.8824893652325749
2.785571142284569,3.292565585456854,9.429076949917835,1.393428367826103,-0.8870408630781095
2.795591182364729,3.303974579342695,9.502002122464212,1.395566614459387,-0.8916051832806141
2.805611222444889,3.315401916640806,9.575309766185423,1.397702789285237,-0.8961823252684213
2.81563126252505,3.3268475629452547,9.64900089647583,1.3998368974221125,-0.9007722884108752
2.8256513026052104,3.3383114840298687,9.723076528788305,1.401968943971819,-0.9053750720252532
2.835671342685371,3.3497936458470807,9.797537678634646,1.4040989340194447,-0.909990675376948
2.845691382765531,3.361294014521511,9.872385361551483,1.406226872632318,-0.9146190976775168
2.8557114228456912,3.372812556315419,9.947620592880892,1.408352764853788,-0.9192603380713624
2.865731462925852,3.384349237649393,10.02324438790993,1.4104766157072817,-0.923914395644624
2.875751503006012,3.395904025118656,10.099257761984234,1.4125984301994934,-0.9285812694323572
2.885771543086172,3.407476885491959,10.175661730508564,1.414718213320338,-0.9332609584187036
2.895791583166333,3.419067785706787,10.252457308922777,1.4168359700422306,-0.9379534615355614
2.905811623246493,3.430676692836,10.329645512486442,1.4189517053141585,-0.9426587776496425
2.915831663326653,3.4423035741025805,10.40722735638127,1.4210654240646083,-0.9473769055689824
2.925851703406813,3.4539483968989773,10.485203855846663,1.4231771312052852,-0.9521078440513648
2.935871743486974,3.465611128786179,10.56357602618129,1.4252868316311016,-0.956851591804535
2.9458917835671343,3.477291737490849,10.642344882731503,1.4273945302198183,-0.9616081474856212
2.9559118236472943,3.488990190875481,10.721511440696103,1.4295002318268315,-0.9663775096895298
2.9659318637274548,3.50070645694205,10.80107671515536,1.4316039412860568,-0.971159676950944
2.975951903807615,3.512440503856469,10.881041721243164,1.4337056634145369,-0.9759546477548456
2.985971943887776,3.524192299948313,10.961407474152796,1.4358054030125549,-0.9807624205369722
2.995991983967936,3.535961813709311,11.04217498913436,1.4379031648635272,-0.985582993683762
3.006012024048096,3.5477490137708934,11.123345281347174,1.4399989537301705,-0.9904163655236952
3.0160320641282565,3.5595538688919746,11.20491936578008,1.4420927743525418,-0.9952625343227736
3.0260521042084165,3.57137634798864,11.28689825746198,1.4441846314535365,-1.0001214982972146
3.036072144288577,3.5832164201358623,11.369282971481262,1.4462745297393589,-1.0049932556146983
3.0460921843687374,3.595074054566393,11.452074522985752,1.448362473899493,-1.009877804394454
3.056112224448898,3.60694922065863,11.535273927105022,1.450448468604732,-1.0147751427027876
3.066132264529058,3.618841887908908,11.618882198761025,1.4525325185025038,-1.0196852685421272
3.0761523046092183,3.630752025960684,11.702900352878022,1.454614628222228,-1.024608179863551
3.0861723446893787,3.6426796046116423,11.787329404439754,1.456694802376736,-1.0295438745702308
3.096192384769539,3.6546245938126174,11.872170368489453,1.4587730455622496,-1.0344923505175103
3.106212424849699,3.6665869636633808,11.957424260107308,1.4608493623578158,-1.0394536055116694
3.11623246492986,3.678566684381857,12.04309209419652,1.4629237573201377,-1.044427637297627
3.12625250501002,3.690563726316864,12.129174885578683,1.4649962349860135,-1.0494144435646735
3.13627254509018,3.702578059966638,12.215673649133006,1.4670667998757394,-1.0544140219546485
3.1462925851703405,3.7146096559780566,12.30258939979817,1.469135456493142,-1.0594263700621158
3.156312625250501,3.7266584851454168,12.389923152571011,1.4712022093255348,-1.0644514854343476
3.1663326653306614,3.738724518391488,12.477675922375584,1.473267062840633,-1.0694893655638884
3.1763527054108214,3.750807726751757,12.56584872395294,1.475330021484064,-1.0745400078824063
3.186372745490982,3.762908081403412,12.654442572077688,1.4773910896845428,-1.07960340977324
3.1963927855711423,3.775025553667882,12.743458481583849,1.4794502718544764,-1.084679568572937
3.2064128256513023,3.787160115009838,12.83289746736486,1.4815075723899582,-1.089768481571307
3.2164328657314627,3.7993117370319744,12.922760544342289,1.483562995670047,-1.0948701460096946
3.226452905811623,3.811480391444722,13.013048727246929,1.4856165460518225,-1.09998455906869
3.236472945891784,3.823666050083264,13.103763030749288,1.4876682278734832,-1.1051117178756769
3.246492985971944,3.835868684922665,13.194904469578471,1.4897180454570873,-1.1102516195116376
3.256513026052104,3.848088268076988,13.28647405852294,1.491766003108567,-1.1154042610112336
3.2665330661322645,3.8603247717982367,13.37847281242986,1.4938121051177164,-1.1205696393628082
3.276553106212425,3.872578168460133,13.470901746089398,1.4958563557556404,-1.1257477515019625
3.286573146292585,3.884848430539552,13.563761874099017,1.4978987592718536,-1.1309385943040993
3.2965931863727453,3.897135530644838,13.657054211082537,1.4999393198992133,-1.1361421645967884
3.306613226452906,3.909439441519216,13.750779771722987,1.501978041854659,-1.1413584591616448
3.316633266533066,3.921760136039849,13.844939570762614,1.504014929339214,-1.1465874747343552
3.3266533066132262,3.9340975872152737,13.939534622990328,1.5060499865377248,-1.1518292080040125
3.3366733466933867,3.94645176815891,14.034565943043969,1.508083217614654,-1.1570836556022512
3.346693386773547,3.958822652093283,14.13003454544674,1.5101146267149903,-1.162350814105403
3.356713426853707,3.971210212371128,14.22594144477572,1.512144217967907,-1.1676306800438676
3.3667334669338675,3.983614422475156,14.32228765566706,1.5141719954868895,-1.1729232499024256
3.376753507014028,3.996035256017139,14.419074192815968,1.516197963369742,-1.1782285201202538
3.3867735470941884,4.0084726867315625,14.516302070933875,1.5182221256977078,-1.1835464870886083
3.3967935871743484,4.020926688447145,14.61397230453042,1.5202444865310067,-1.1888771471390047
3.406813627254509,4.033397235107081,14.71208590807628,1.5222650499123378,-1.194220496552227
3.4168336673346693,4.045884300780672,14.810643896100824,1.52428381986894,-1.1995765315636864
3.4268537074148293,4.058387859662467,14.909647283192315,1.526300800412612,-1.2049452483634462
3.4368737474949898,4.070907886071393,15.009097083997888,1.5283159955397216,-1.2103266430962272
3.44689378757515,4.08344435443945,15.108994313140007,1.5303294092295472,-1.2157207118569235
3.45691382765531,4.095997239288346,15.209339985034369,1.5323410454406956,-1.221127450680876
3.46693386773547,4.108566515255591,15.31013511410283,1.5343509081154971,-1.2265468555554435
3.476953907815631,4.121152157100255,15.411380714825938,1.5363590011810866,-1.2319789224228472
3.4869739478957915,4.133754139702113,15.513077801742906,1.538365328549423,-1.237423647180171
3.496993987975952,4.146372438060725,15.615227389450949,1.5403698941172916,-1.2428810256793297
3.507014028056112,4.1590070272802215,15.717830492487916,1.5423727017640412,-1.2483510537208318
3.5170340681362724,4.171657882552463,15.820888125199332,1.5443737553490888,-1.2538337270467974
3.527054108216433,4.184324979183334,15.92440130195715,1.5463730587162825,-1.2593290413526697
3.537074148296593,4.19700829259588,16.02837103719177,1.5483706156945494,-1.264836992288924
3.5470941883767533,4.209707798329492,16.13279834539205,1.55036643009792,-1.2703575754610614
3.5571142284569137,4.22242347203892,16.237684241103793,1.552360505725516,-1.275890786429525
3.567134268537074,4.235155289477421,16.343029738796286,1.554352846359059,-1.281436620702691
3.577154308617234,4.247903226483557,16.448835852756723,1.5563434557609797,-1.2869950737314075
3.5871743486973946,4.260667259006622,16.555103597305756,1.5583323376785778,-1.2925661409203804
3.597194388777555,4.273447363108845,16.661833986822224,1.56031949584452,-1.2981498176294664
3.607214428857716,4.286243514964609,16.769028035743133,1.5623049339768609,-1.3037460991736618
3.617234468937876,4.299055690859528,16.876686758562407,1.564288655779044,-1.309354980823025
3.627254509018036,4.311883867174295,16.984811169700592,1.5662706649375455,-1.3149764577959129
3.637274549098197,4.324728020371071,17.093402283393658,1.568250965119939,-1.3206105252532854
3.647294589178357,4.33758812701856,17.202461113909397,1.5702295599789484,-1.3262571783099897
3.657314629258517,4.350464163794351,17.31198867557353,1.5722064531529585,-1.331916412036103
3.667334669338677,4.363356107484166,17.421985982769666,1.574181648266036,-1.3375882214569106
3.6773547094188377,4.376263934981079,17.53245404993896,1.5761551489279524,-1.3432726015528742
3.6873747494989977,4.389187623272304,17.64339389147254,1.5781269587323024,-1.348969547254105
3.697394789579158,4.402127149421508,17.754806521563175,1.5800970812539634,-1.3546790534328217
3.707414829659319,4.415082490593763,17.866692954424174,1.5820655200530798,-1.360401114914627
3.717434869739479,4.42805362405914,17.979054204326467,1.5840322786757546,-1.3661357264803895
3.727454909819639,4.441040527191982,18.09189128559857,1.5859973606540738,-1.3718828828662184
3.7374749498998,4.454043177470205,18.20520521262664,1.5879607695061375,-1.3776425787634428
3.74749498997996,4.467061552466774,18.318996999785853,1.589922508734907,-1.38341480881512
3.75751503006012,4.480095629826493,18.43326766124112,1.5918825818248528,-1.3891995676059865
3.76753507014028,4.49314538728868,18.54801821114956,1.5938409922455483,-1.3949968496727696
3.7775551102204408,4.506210802693924,18.663249663725537,1.595797743452827,-1.400806649507461
3.787575150300601,4.519291853983393,18.778963033240743,1.5977528388888098,-1.4066289615572891
3.797595190380761,4.532388519198151,18.89515933402412,1.5997062819819368,-1.4124637802246929
3.8076152304609217,4.545500776475222,19.011839580432778,1.6016580761465098,-1.4183110998658357
3.817635270541082,4.558628604022645,19.1290047866339,1.6036082247791124,-1.4241709147797184
3.8276553106212425,4.5717719801328585,19.246655966727467,1.6055567312607733,-1.4300432192143837
3.8376753507014025,4.584930883195896,19.364794134869484,1.6075035989590705,-1.4359280073730591
3.847695390781563,4.59810529169883,19.483420305272933,1.6094488312281756,-1.4418252734141732
3.8577154308617234,4.611295184225111,19.60253549220772,1.6113924314088883,-1.447735011451325
3.8677354709418834,4.624500539453344,19.72214070999551,1.613334402828577,-1.453657215552988
3.877755511022044,4.63772133613819,19.842236972841203,1.615274748798501,-1.4595918797341847
3.887775551102204,4.65095755310602,19.962825294796435,1.6172134726133236,-1.4655389979547404
3.8977955911823647,4.664209169276101,20.08390668995695,1.619150577554376,-1.4714985641290357
3.9078156312625247,4.677476163661341,20.205482172475087,1.6210860668898903,-1.4774705721265828
3.917835671342685,4.690758515367656,20.327552756559783,1.6230199438750323,-1.4834550157719946
3.9278557114228456,4.704056203593344,20.450119456476568,1.6249522117519315,-1.4894518888449424
3.937875751503006,4.717369207620962,20.57318328647788,1.6268828737486234,-1.495461185076729
3.947895791583166,4.73069750679556,20.69674526060497,1.6288119330760222,-1.501482898140662
3.9579158316633274,4.744041080546258,20.820806392891377,1.6307393929312075,-1.5075170216620055
3.967935871743487,4.757399908392554,20.945367697426818,1.6326652564984685,-1.5135635492210653
3.977955911823647,4.770773969943731,21.07043018835726,1.6345895269493311,-1.5196224743531477
3.987975951903808,4.784163244898245,21.19599487988491,1.6365122074425946,-1.5256937905485188
3.997995991983968,4.797567713042166,21.32206278625897,1.6384333011242225,-1.5317774912519226
4.008016032064128,4.810987354228805,21.44863492158814,1.640352811124539,-1.5378735698535386
4.018036072144288,4.82442214837934,21.575712299849183,1.6422707405584656,-1.543982019689445
4.028056112224449,4.837872075501417,21.703295935067214,1.6441870925283224,-1.550102834050285
4.038076152304609,4.851337115689364,21.8313868413232,1.6461018701239731,-1.5562360061815803
4.04809619238477,4.864817249123627,21.959986032753964,1.6480150764228587,-1.5623815292836938
4.05811623246493,4.87831245607018,22.08909452355216,1.6499267144900285,-1.568539396511776
4.06813627254509,4.891822716874289,22.21871332791147,1.651836787377369,-1.574709600973129
4.07815631262525,4.905348011938161,22.34884345981525,1.653745298120562,-1.58089213571717
4.0881763527054105,4.9188883217399,22.479485933221948,1.655652249741913,-1.5870869937442798
4.098196392785571,4.932443626841337,22.61064176214547,1.6575576452515723,-1.5932941680095756
4.108216432865731,4.946013907887467,22.74231196065517,1.6594614876475704,-1.599513651422868
4.118236472945892,4.959599145605907,22.87449754287585,1.6613637799158478,-1.6057454368486128
4.128256513026052,4.973199320806216,23.007199522986483,1.6632645250302738,-1.611989517105803
4.138276553106213,4.986814414366115,23.14041891508989,1.665163725950824,-1.6182458849618249
4.148296593186372,5.00044440721987,23.274156733101755,1.6670613856220853,-1.6245145331272788
4.158316633266533,5.014089280379982,23.40841399096685,1.668957506976419,-1.630795454266127
4.168336673346693,5.027749014939296,23.543191702684936,1.6708520929343642,-1.6370886409968586
4.1783567134268536,5.041423592070486,23.678490882310854,1.6727451464046688,-1.6433940858924403
4.188376753507014,5.055112993025528,23.814312543954475,1.6746366702843265,-1.6497117814802709
4.198396793587174,5.068817199134269,23.950657701771576,1.6765266674584802,-1.656041720241703
4.208416833667335,5.082536191785262,24.08752736977664,1.6784151407978842,-1.662383894603358
4.218436873747494,5.096269952426292,24.22492256185065,1.6803020931591046,-1.6687382969375142
4.228456913827655,5.110018462582051,24.362844291921743,1.682187527387076,-1.6751049195704533
4.238476953907815,5.123781703854375,24.50129357397262,1.6840714463152375,-1.6814837547827497
4.248496993987976,5.137559657921747,24.640271422040637,1.6859538527655695,-1.6878747948092252
4.258517034068136,5.151352306538804,24.77977885021776,1.6878347495486214,-1.6942780318388926
4.268537074148297,5.165159631533831,24.91981687263012,1.689714139463273,-1.70069345801397
4.278557114228457,5.178981614787599,25.0603865032264,1.6915920252939556,-1.7071210654201927
4.288577154308617,5.192818238241512,25.20148875586313,1.6934684098118822,-1.7135608460907412
4.298597194388777,5.206669483911339,25.34312464444882,1.6953432957770351,-1.7200127920127948
4.3086172344689375,5.220535333886952,25.48529518294612,1.697216685938223,-1.7264768951275742
4.318637274549098,5.234415770331848,25.628001385371896,1.6990885830331155,-1.7329531473302906
4.328657314629258,5.248310775482676,25.771244265797225,1.700958989788277,-1.7394415404700916
4.338677354709419,5.262220331646128,25.915024838319862,1.7028279089188414,-1.745942066348768
4.348697394789579,5.276144421177641,26.059344116847026,1.7046953431257486,-1.7524547167109374
4.35871743486974,5.290083026492416,26.204203115211868,1.7065612950973474,-1.758979483249326
4.368737474949899,5.304036130077215,26.34960284730023,1.708425767511085,-1.7655163576104425
4.37875751503006,5.318003714490013,26.49554432705173,1.7102887630335564,-1.7720653313945725
4.38877755511022,5.331985762359533,26.64202856845972,1.7121502843205314,-1.7786263961557176
4.398797595190381,5.345982256384806,26.78905658557132,1.7140103340169923,-1.7851995434015455
4.408817635270541,5.359993179332328,26.93662939246214,1.715868914756847,-1.7917847645922065
4.4188376753507015,5.374018514015312,27.084748003020355,1.7177260291602674,-1.7983820511307027
4.428857715430862,5.388058243303647,27.23341343105419,1.719581679835128,-1.8049913943676963
4.4388777555110215,5.402112350135985,27.382626690423805,1.7214358693787095,-1.8116127856073347
4.448897795591182,5.416180817519438,27.53238879504272,1.7232886003777537,-1.8182462161072623
4.458917835671342,5.430263628529133,27.68270075887771,1.7251398754084868,-1.8248916770785524
4.468937875751503,5.444360766307795,27.83356359594892,1.7269896970366585,-1.8315491596856568
4.478957915831663,5.458472214063902,27.98497832031454,1.728838067817385,-1.838218655045679
4.488977955911824,5.472597955052458,28.136945945867293,1.7306849902927175,-1.8449001542193963
4.498997995991984,5.486737972579931,28.289467486389643,1.732530466992403,-1.8515936482137163
4.509018036072144,5.500892250018683,28.44254395571304,1.7343745004358686,-1.8582991279886285
4.519038076152304,5.51506077080692,28.596176367721824,1.7362170931323038,-1.865016584457318
4.529058116232465,5.529243518448264,28.750365736353174,1.7380582475806907,-1.8717460084861053
4.539078156312625,5.543440476511357,28.90511307559715,1.739897966269837,-1.878487390894388
4.5490981963927855,5.557651628629042,29.0604193994922,1.7417362516783537,-1.885240722454386
4.559118236472946,5.5718769584831005,29.216285721961427,1.7435731062727624,-1.8920059938840088
4.569138276553106,5.586116449799831,29.372713056765992,1.7454085325070274,-1.898783195844844
4.579158316633267,5.600370086368007,29.52970241770558,1.747242532824975,-1.905572318950823
4.589178356713426,5.614637852039751,29.68725481863228,1.7490751096604895,-1.9123733537687648
4.599198396793587,5.628919730730143,29.84537127345062,1.7509062654375505,-1.91918629081832
4.609218436873747,5.643215706416819,30.004052796117502,1.7527360025702534,-1.9260111205718984
4.619238476953908,5.657525763139589,30.16330040064217,1.7545643234628503,-1.9328478334546209
4.629258517034068,5.671849884991974,30.32311510099566,1.756391230508741,-1.9396964198403808
4.6392785571142285,5.686188056105572,30.483497910938127,1.7582167260885686,-1.946556870044469
4.649298597194389,5.700540260669107,30.64444984423445,1.7600408125727534,-1.9534291743327796
4.6593186372745485,5.714906482932277,30.805971914701438,1.7618634923220635,-1.960313322923776
4.669338677354709,5.729286707205391,30.968065136207866,1.7636847676876526,-1.967209305988436
4.679358717434869,5.74368091785898,31.130730522674437,1.76550464101108,-1.9741171136501816
4.68937875751503,5.7580890993234375,31.29396908807379,1.7673231146243509,-1.9810367359848224
4.69939879759519,5.772511236086519,31.457781846406192,1.7691401908496718,-1.987968163019469
4.709418837675351,5.786947312674204,31.62216981148425,1.7709558719971157,-1.9949113847234203
4.719438877755511,5.801397313659622,31.78713399703649,1.772770160365847,-2.001866391012547
4.729458917835671,5.815861223674491,31.9526754168414,1.7745830582456474,-2.0088331717549
4.739478957915831,5.830339027408899,32.11879508472896,1.7763945679169606,-2.0158117167707155
4.749498997995992,5.844830709610935,32.285494014580586,1.7782046916509255,-2.0228020158323474
4.759519038076152,5.859336255086354,32.45277322032921,1.7800134317094036,-2.029804058664214
4.7695390781563125,5.873855648698147,32.62063371595848,1.781820790345002,-2.0368178349426977
4.779559118236473,5.888388875355991,32.78907651538377,1.783626769799831,-2.0438433342911444
4.789579158316633,5.90293592000491,32.958102632322245,1.785431372304173,-2.050880546274451
4.799599198396794,5.917496767643821,33.12771308051102,1.7872346000788897,-2.057929460408136
4.809619238476953,5.932071403327879,33.29790887373821,1.7890364553357774,-2.064990066159566
4.819639278557114,5.94665981216814,33.46869102584297,1.790836940277605,-2.072062352947901
4.829659318637274,5.96126197933121,33.640060550715425,1.7926360570981366,-2.0791463101440217
4.839679358717435,5.975877890038927,33.812018462296706,1.794433807982165,-2.086241927070482
4.849699398797595,5.990507529566565,33.98456577456173,1.7962301951053572,-2.0933491930007224
4.859719438877756,6.005150883225113,34.15770350131214,1.7980252206321516,-2.1004680971505483
4.869739478957916,6.019807936366846,34.331432656243834,1.799818886716526,-2.107598628680902
4.879759519038076,6.03447867439798,34.50575425310007,1.8016111955036327,-2.11474077670411
4.889779559118236,6.049163082778614,34.680669305674684,1.8034021491298613,-2.121894530283954
4.8997995991983965,6.063861147022407,34.85617882781198,1.805191749722865,-2.129059878435599
4.909819639278557,6.078572852696258,35.0322838334068,1.806979999401588,-2.1362368101255376
4.919839679358717,6.0932981854199975,35.20898533640454,1.8087669002763007,-2.143425314271532
4.929859719438878,6.108037130861327,35.38628435074378,1.8105524544480427,-2.15062537974022
4.939879759519038,6.122789674718295,35.564181890146955,1.8123366640065743,-2.1578369953386294
4.949899799599198,6.137555802734826,35.74267896830948,1.814119531032344,-2.1650601498218305
4.959919839679358,6.152335500706813,35.921776598976855,1.815901057597295,-2.1722948318960054
4.969939879759519,6.167128754481801,36.10147579594459,1.817681245764894,-2.17954103021838
4.979959919839679,6.181935549958695,36.28177757305824,1.8194600975901616,-2.186798733397169
4.98997995991984,6.196755873087446,36.46268294421341,1.8212376151196945,-2.194067929991504
5.0,6.211589709868373,36.64419292335101,1.823013800391652,-2.201348608511191
