z,E,H,Omega_m,Omega_Lambda,Omega_r
1.000000e-03,1.000545e+00,6.906761e+01,3.005732e-01,6.993365e-01,9.026215e-05
1.032828e-03,1.000563e+00,6.906885e+01,3.005921e-01,6.993177e-01,9.027076e-05
1.066734e-03,1.000581e+00,6.907013e+01,3.006115e-01,6.992982e-01,9.027965e-05
1.101753e-03,1.000600e+00,6.907144e+01,3.006316e-01,6.992781e-01,9.028884e-05
1.137921e-03,1.000620e+00,6.907280e+01,3.006523e-01,6.992574e-01,9.029833e-05
1.175277e-03,1.000640e+00,6.907421e+01,3.006737e-01,6.992360e-01,9.030813e-05
1.213859e-03,1.000661e+00,6.907566e+01,3.006958e-01,6.992138e-01,9.031826e-05
1.253708e-03,1.000683e+00,6.907716e+01,3.007187e-01,6.991910e-01,9.032871e-05
1.294865e-03,1.000706e+00,6.907871e+01,3.007423e-01,6.991674e-01,9.033951e-05
1.337373e-03,1.000729e+00,6.908031e+01,3.007667e-01,6.991430e-01,9.035067e-05
1.381276e-03,1.000753e+00,6.908197e+01,3.007918e-01,6.991178e-01,9.036219e-05
1.426621e-03,1.000778e+00,6.908367e+01,3.008178e-01,6.990918e-01,9.037409e-05
1.473454e-03,1.000803e+00,6.908544e+01,3.008447e-01,6.990649e-01,9.038639e-05
1.521825e-03,1.000829e+00,6.908726e+01,3.008724e-01,6.990372e-01,9.039908e-05
1.571784e-03,1.000857e+00,6.908914e+01,3.009010e-01,6.990085e-01,9.041220e-05
1.623382e-03,1.000885e+00,6.909108e+01,3.009306e-01,6.989789e-01,9.042575e-05
1.676675e-03,1.000914e+00,6.909309e+01,3.009612e-01,6.989484e-01,9.043974e-05
1.731717e-03,1.000944e+00,6.909516e+01,3.009927e-01,6.989168e-01,9.045419e-05
1.788566e-03,1.000975e+00,6.909730e+01,3.010253e-01,6.988842e-01,9.046912e-05
1.847281e-03,1.001007e+00,6.909951e+01,3.010590e-01,6.988505e-01,9.048454e-05
1.907924e-03,1.001040e+00,6.910180e+01,3.010938e-01,6.988157e-01,9.050047e-05
1.970558e-03,1.001074e+00,6.910416e+01,3.011297e-01,6.987798e-01,9.051692e-05
2.035248e-03,1.001110e+00,6.910659e+01,3.011668e-01,6.987427e-01,9.053391e-05
2.102061e-03,1.001146e+00,6.910911e+01,3.012051e-01,6.987044e-01,9.055146e-05
2.171068e-03,1.001184e+00,6.911171e+01,3.012446e-01,6.986648e-01,9.056959e-05
2.242340e-03,1.001223e+00,6.911440e+01,3.012855e-01,6.986239e-01,9.058832e-05
2.315951e-03,1.001263e+00,6.911717e+01,3.013277e-01,6.985817e-01,9.060767e-05
2.391980e-03,1.001304e+00,6.912003e+01,3.013713e-01,6.985381e-01,9.062765e-05
2.470504e-03,1.001347e+00,6.912299e+01,3.014163e-01,6.984930e-01,9.064829e-05
2.551606e-03,1.001391e+00,6.912605e+01,3.014628e-01,6.984465e-01,9.066961e-05
2.635371e-03,1.001437e+00,6.912921e+01,3.015108e-01,6.983985e-01,9.069163e-05
2.721885e-03,1.001484e+00,6.913247e+01,3.015604e-01,6.983489e-01,9.071437e-05
2.811239e-03,1.001533e+00,6.913584e+01,3.016117e-01,6.982976e-01,9.073787e-05
2.903527e-03,1.001584e+00,6.913932e+01,3.016646e-01,6.982447e-01,9.076214e-05
2.998844e-03,1.001636e+00,6.914291e+01,3.017192e-01,6.981900e-01,9.078721e-05
3.097291e-03,1.001689e+00,6.914662e+01,3.017757e-01,6.981335e-01,9.081311e-05
3.198969e-03,1.001745e+00,6.915046e+01,3.018340e-01,6.980752e-01,9.083986e-05
3.303985e-03,1.001802e+00,6.915442e+01,3.018942e-01,6.980149e-01,9.086749e-05
3.412449e-03,1.001862e+00,6.915851e+01,3.019564e-01,6.979527e-01,9.089604e-05
3.524473e-03,1.001923e+00,6.916273e+01,3.020206e-01,6.978885e-01,9.092552e-05
3.640175e-03,1.001986e+00,6.916710e+01,3.020870e-01,6.978221e-01,9.095598e-05
3.759675e-03,1.002051e+00,6.917161e+01,3.021555e-01,6.977535e-01,9.098745e-05
3.883098e-03,1.002119e+00,6.917627e+01,3.022263e-01,6.976827e-01,9.101995e-05
4.010573e-03,1.002189e+00,6.918108e+01,3.022994e-01,6.976096e-01,9.105352e-05
4.142232e-03,1.002261e+00,6.918605e+01,3.023748e-01,6.975341e-01,9.108821e-05
4.278214e-03,1.002335e+00,6.919118e+01,3.024528e-01,6.974561e-01,9.112403e-05
4.418660e-03,1.002412e+00,6.919648e+01,3.025334e-01,6.973755e-01,9.116105e-05
4.563716e-03,1.002491e+00,6.920196e+01,3.026165e-01,6.972923e-01,9.119928e-05
4.713535e-03,1.002573e+00,6.920762e+01,3.027025e-01,6.972063e-01,9.123878e-05
4.868271e-03,1.002658e+00,6.921346e+01,3.027912e-01,6.971175e-01,9.127958e-05
5.028087e-03,1.002745e+00,6.921950e+01,3.028828e-01,6.970258e-01,9.132173e-05
5.193150e-03,1.002836e+00,6.922574e+01,3.029775e-01,6.969311e-01,9.136527e-05
5.363631e-03,1.002929e+00,6.923218e+01,3.030753e-01,6.968333e-01,9.141025e-05
5.539709e-03,1.003025e+00,6.923884e+01,3.031762e-01,6.967323e-01,9.145672e-05
5.721568e-03,1.003125e+00,6.924571e+01,3.032805e-01,6.966280e-01,9.150473e-05
5.909396e-03,1.003228e+00,6.925281e+01,3.033882e-01,6.965202e-01,9.155433e-05
6.103390e-03,1.003334e+00,6.926015e+01,3.034995e-01,6.964089e-01,9.160556e-05
6.303753e-03,1.003444e+00,6.926773e+01,3.036144e-01,6.962939e-01,9.165850e-05
6.510694e-03,1.003557e+00,6.927556e+01,3.037331e-01,6.961752e-01,9.171318e-05
6.724427e-03,1.003674e+00,6.928365e+01,3.038557e-01,6.960525e-01,9.176968e-05
6.945178e-03,1.003795e+00,6.929200e+01,3.039823e-01,6.959259e-01,9.182805e-05
7.173175e-03,1.003920e+00,6.930063e+01,3.041131e-01,6.957951e-01,9.188835e-05
7.408657e-03,1.004050e+00,6.930955e+01,3.042481e-01,6.956599e-01,9.195066e-05
7.651869e-03,1.004183e+00,6.931876e+01,3.043876e-01,6.955204e-01,9.201503e-05
7.903066e-03,1.004321e+00,6.932828e+01,3.045317e-01,6.953762e-01,9.208153e-05
8.162509e-03,1.004463e+00,6.933811e+01,3.046805e-01,6.952273e-01,9.215024e-05
8.430468e-03,1.004611e+00,6.934826e+01,3.048342e-01,6.950736e-01,9.222123e-05
8.707225e-03,1.004763e+00,6.935876e+01,3.049930e-01,6.949147e-01,9.229458e-05
8.993067e-03,1.004920e+00,6.936960e+01,3.051569e-01,6.947507e-01,9.237036e-05
9.288292e-03,1.005082e+00,6.938079e+01,3.053263e-01,6.945813e-01,9.244867e-05
9.593209e-03,1.005249e+00,6.939236e+01,3.055012e-01,6.944063e-01,9.252957e-05
9.908137e-03,1.005423e+00,6.940432e+01,3.056818e-01,6.942256e-01,9.261317e-05
1.023340e-02,1.005601e+00,6.941667e+01,3.058684e-01,6.940389e-01,9.269955e-05
1.056935e-02,1.005786e+00,6.942943e+01,3.060611e-01,6.938461e-01,9.278880e-05
1.091632e-02,1.005977e+00,6.944261e+01,3.062602e-01,6.936469e-01,9.288103e-05
1.127468e-02,1.006175e+00,6.945623e+01,3.064658e-01,6.934412e-01,9.297633e-05
1.164481e-02,1.006378e+00,6.947030e+01,3.066781e-01,6.932288e-01,9.307480e-05
1.202708e-02,1.006589e+00,6.948484e+01,3.068974e-01,6.930094e-01,9.317656e-05
1.242191e-02,1.006807e+00,6.949986e+01,3.071240e-01,6.927828e-01,9.328171e-05
1.282970e-02,1.007032e+00,6.951538e+01,3.073579e-01,6.925487e-01,9.339037e-05
1.325087e-02,1.007264e+00,6.953142e+01,3.075996e-01,6.923069e-01,9.350266e-05
1.368587e-02,1.007504e+00,6.954799e+01,3.078492e-01,6.920572e-01,9.361870e-05
1.413516e-02,1.007752e+00,6.956512e+01,3.081070e-01,6.917993e-01,9.373863e-05
1.459919e-02,1.008008e+00,6.958281e+01,3.083732e-01,6.915329e-01,9.386256e-05
1.507845e-02,1.008273e+00,6.960109e+01,3.086482e-01,6.912578e-01,9.399064e-05
1.557345e-02,1.008547e+00,6.961998e+01,3.089322e-01,6.909736e-01,9.412301e-05
1.608469e-02,1.008829e+00,6.963950e+01,3.092256e-01,6.906801e-01,9.425982e-05
1.661273e-02,1.009122e+00,6.965967e+01,3.095286e-01,6.903770e-01,9.440122e-05
1.715809e-02,1.009424e+00,6.968051e+01,3.098416e-01,6.900639e-01,9.454735e-05
1.772136e-02,1.009736e+00,6.970205e+01,3.101648e-01,6.897405e-01,9.469840e-05
1.830312e-02,1.010058e+00,6.972431e+01,3.104986e-01,6.894065e-01,9.485452e-05
1.890397e-02,1.010391e+00,6.974732e+01,3.108435e-01,6.890615e-01,9.501589e-05
1.952456e-02,1.010736e+00,6.977109e+01,3.111996e-01,6.887052e-01,9.518269e-05
2.016551e-02,1.011092e+00,6.979566e+01,3.115675e-01,6.883372e-01,9.535511e-05
2.082751e-02,1.011459e+00,6.982105e+01,3.119474e-01,6.879571e-01,9.553334e-05
2.151123e-02,1.011840e+00,6.984729e+01,3.123398e-01,6.875645e-01,9.571758e-05
2.221741e-02,1.012233e+00,6.987441e+01,3.127451e-01,6.871590e-01,9.590804e-05
2.294676e-02,1.012639e+00,6.990244e+01,3.131637e-01,6.867402e-01,9.610494e-05
2.370006e-02,1.013058e+00,6.993141e+01,3.135961e-01,6.863076e-01,9.630849e-05
2.447809e-02,1.013492e+00,6.996136e+01,3.140426e-01,6.858609e-01,9.651893e-05
2.528166e-02,1.013940e+00,6.999231e+01,3.145038e-01,6.853994e-01,9.673650e-05
2.611161e-02,1.014404e+00,7.002430e+01,3.149802e-01,6.849229e-01,9.696145e-05
2.696881e-02,1.014883e+00,7.005737e+01,3.154722e-01,6.844306e-01,9.719403e-05
2.785414e-02,1.015378e+00,7.009156e+01,3.159804e-01,6.839222e-01,9.743451e-05
2.876854e-02,1.015890e+00,7.012689e+01,3.165052e-01,6.833971e-01,9.768318e-05
2.971296e-02,1.016419e+00,7.016342e+01,3.170473e-01,6.828548e-01,9.794030e-05
3.068838e-02,1.016966e+00,7.020118e+01,3.176071e-01,6.822947e-01,9.820620e-05
3.169582e-02,1.017532e+00,7.024022e+01,3.181854e-01,6.817161e-01,9.848116e-05
3.273634e-02,1.018117e+00,7.028059e+01,3.187826e-01,6.811186e-01,9.876551e-05
3.381101e-02,1.018721e+00,7.032232e+01,3.193994e-01,6.805015e-01,9.905959e-05
3.492096e-02,1.019346e+00,7.036546e+01,3.200365e-01,6.798641e-01,9.936374e-05
3.606735e-02,1.019992e+00,7.041007e+01,3.206945e-01,6.792059e-01,9.967832e-05
3.725137e-02,1.020660e+00,7.045619e+01,3.213740e-01,6.785260e-01,1.000037e-04
3.847427e-02,1.021351e+00,7.050388e+01,3.220758e-01,6.778238e-01,1.003402e-04
3.973730e-02,1.022066e+00,7.055320e+01,3.228007e-01,6.770986e-01,1.006884e-04
4.104181e-02,1.022805e+00,7.060420e+01,3.235493e-01,6.763497e-01,1.010485e-04
4.238913e-02,1.023569e+00,7.065694e+01,3.243224e-01,6.755761e-01,1.014211e-04
4.378069e-02,1.024359e+00,7.071148e+01,3.251209e-01,6.747773e-01,1.018065e-04
4.521792e-02,1.025176e+00,7.076789e+01,3.259456e-01,6.739522e-01,1.022052e-04
4.670234e-02,1.026021e+00,7.082623e+01,3.267972e-01,6.731002e-01,1.026178e-04
4.823549e-02,1.026895e+00,7.088657e+01,3.276768e-01,6.722202e-01,1.030447e-04
4.981898e-02,1.027799e+00,7.094898e+01,3.285851e-01,6.713114e-01,1.034865e-04
5.145444e-02,1.028735e+00,7.101355e+01,3.295232e-01,6.703729e-01,1.039436e-04
5.314359e-02,1.029702e+00,7.108033e+01,3.304919e-01,6.694036e-01,1.044166e-04
5.488820e-02,1.030703e+00,7.114942e+01,3.314924e-01,6.684027e-01,1.049062e-04
5.669007e-02,1.031738e+00,7.122090e+01,3.325255e-01,6.673691e-01,1.054129e-04
5.855110e-02,1.032810e+00,7.129485e+01,3.335924e-01,6.663017e-01,1.059374e-04
6.047322e-02,1.033918e+00,7.137137e+01,3.346941e-01,6.651994e-01,1.064802e-04
6.245845e-02,1.035065e+00,7.145054e+01,3.358318e-01,6.640611e-01,1.070422e-04
6.450884e-02,1.036252e+00,7.153246e+01,3.370066e-01,6.628857e-01,1.076240e-04
6.662655e-02,1.037480e+00,7.161724e+01,3.382197e-01,6.616720e-01,1.082262e-04
6.881377e-02,1.038751e+00,7.170498e+01,3.394724e-01,6.604188e-01,1.088498e-04
7.107280e-02,1.040066e+00,7.179579e+01,3.407658e-01,6.591247e-01,1.094955e-04
7.340598e-02,1.041428e+00,7.188978e+01,3.421013e-01,6.577885e-01,1.101641e-04
7.581576e-02,1.042837e+00,7.198706e+01,3.434803e-01,6.564089e-01,1.108564e-04
7.830465e-02,1.044296e+00,7.208777e+01,3.449040e-01,6.549844e-01,1.115735e-04
8.087525e-02,1.045807e+00,7.219203e+01,3.463739e-01,6.535138e-01,1.123161e-04
8.353023e-02,1.047370e+00,7.229997e+01,3.478915e-01,6.519954e-01,1.130853e-04
8.627237e-02,1.048989e+00,7.241173e+01,3.494583e-01,6.504279e-01,1.138821e-04
8.910453e-02,1.050666e+00,7.252746e+01,3.510757e-01,6.488096e-01,1.147074e-04
9.202967e-02,1.052402e+00,7.264730e+01,3.527454e-01,6.471390e-01,1.155625e-04
9.505083e-02,1.054200e+00,7.277141e+01,3.544690e-01,6.454146e-01,1.164485e-04
9.817117e-02,1.056062e+00,7.289996e+01,3.562481e-01,6.436345e-01,1.173664e-04
1.013939e-01,1.057991e+00,7.303310e+01,3.580845e-01,6.417972e-01,1.183176e-04
1.047225e-01,1.059989e+00,7.317103e+01,3.599799e-01,6.399008e-01,1.193034e-04
1.081604e-01,1.062059e+00,7.331392e+01,3.619362e-01,6.379435e-01,1.203250e-04
1.117111e-01,1.064203e+00,7.346196e+01,3.639550e-01,6.359236e-01,1.213838e-04
1.153783e-01,1.066426e+00,7.361537e+01,3.660384e-01,6.338391e-01,1.224814e-04
1.191660e-01,1.068729e+00,7.377433e+01,3.681883e-01,6.316881e-01,1.236191e-04
1.230780e-01,1.071115e+00,7.393908e+01,3.704065e-01,6.294687e-01,1.247986e-04
1.271184e-01,1.073589e+00,7.410984e+01,3.726952e-01,6.271787e-01,1.260215e-04
1.312915e-01,1.076153e+00,7.428685e+01,3.750565e-01,6.248163e-01,1.272895e-04
1.356015e-01,1.078811e+00,7.447035e+01,3.774923e-01,6.223791e-01,1.286042e-04
1.400531e-01,1.081568e+00,7.466061e+01,3.800048e-01,6.198652e-01,1.299677e-04
1.446507e-01,1.084426e+00,7.485789e+01,3.825963e-01,6.172723e-01,1.313817e-04
1.493993e-01,1.087389e+00,7.506248e+01,3.852689e-01,6.145982e-01,1.328484e-04
1.543038e-01,1.090463e+00,7.527468e+01,3.880249e-01,6.118407e-01,1.343696e-04
1.593694e-01,1.093652e+00,7.549478e+01,3.908666e-01,6.089974e-01,1.359476e-04
1.646012e-01,1.096960e+00,7.572312e+01,3.937963e-01,6.060661e-01,1.375847e-04
1.700047e-01,1.100392e+00,7.596003e+01,3.968164e-01,6.030443e-01,1.392831e-04
1.755856e-01,1.103953e+00,7.620586e+01,3.999292e-01,5.999298e-01,1.410453e-04
1.813498e-01,1.107649e+00,7.646098e+01,4.031371e-01,5.967200e-01,1.428738e-04
1.873032e-01,1.111485e+00,7.672578e+01,4.064426e-01,5.934126e-01,1.447712e-04
1.934520e-01,1.115467e+00,7.700066e+01,4.098481e-01,5.900051e-01,1.467402e-04
1.998026e-01,1.119601e+00,7.728604e+01,4.133560e-01,5.864952e-01,1.487837e-04
2.063618e-01,1.123894e+00,7.758237e+01,4.169688e-01,5.828803e-01,1.509046e-04
2.131362e-01,1.128352e+00,7.789011e+01,4.206889e-01,5.791580e-01,1.531059e-04
2.201331e-01,1.132982e+00,7.820974e+01,4.245188e-01,5.753258e-01,1.553908e-04
2.273597e-01,1.137792e+00,7.854178e+01,4.284608e-01,5.713814e-01,1.577627e-04
2.348235e-01,1.142789e+00,7.888674e+01,4.325174e-01,5.673224e-01,1.602248e-04
2.425323e-01,1.147982e+00,7.924520e+01,4.366909e-01,5.631464e-01,1.627807e-04
2.504942e-01,1.153379e+00,7.961773e+01,4.409836e-01,5.588510e-01,1.654342e-04
2.587174e-01,1.158988e+00,8.000495e+01,4.453977e-01,5.544341e-01,1.681890e-04
2.672106e-01,1.164820e+00,8.040750e+01,4.499355e-01,5.498934e-01,1.710489e-04
2.759826e-01,1.170883e+00,8.082605e+01,4.545991e-01,5.452268e-01,1.740182e-04
2.850426e-01,1.177188e+00,8.126130e+01,4.593905e-01,5.404324e-01,1.771009e-04
2.944000e-01,1.183746e+00,8.171401e+01,4.643116e-01,5.355081e-01,1.803015e-04
3.040646e-01,1.190568e+00,8.218493e+01,4.693642e-01,5.304521e-01,1.836244e-04
3.140465e-01,1.197666e+00,8.267489e+01,4.745500e-01,5.252629e-01,1.870742e-04
3.243561e-01,1.205052e+00,8.318474e+01,4.798705e-01,5.199389e-01,1.906558e-04
3.350041e-01,1.212739e+00,8.371537e+01,4.853269e-01,5.144787e-01,1.943740e-04
3.460016e-01,1.220741e+00,8.426773e+01,4.909206e-01,5.088812e-01,1.982340e-04
3.573602e-01,1.229071e+00,8.484279e+01,4.966523e-01,5.031455e-01,2.022408e-04
3.690917e-01,1.237746e+00,8.544160e+01,5.025229e-01,4.972707e-01,2.064000e-04
3.812083e-01,1.246780e+00,8.606524e+01,5.085328e-01,4.912565e-01,2.107169e-04
3.937226e-01,1.256191e+00,8.671484e+01,5.146822e-01,4.851026e-01,2.151973e-04
4.066478e-01,1.265995e+00,8.739161e+01,5.209711e-01,4.788090e-01,2.198469e-04
4.199973e-01,1.276210e+00,8.809679e+01,5.273991e-01,4.723763e-01,2.246716e-04
4.337850e-01,1.286857e+00,8.883171e+01,5.339654e-01,4.658050e-01,2.296775e-04
4.480254e-01,1.297954e+00,8.959774e+01,5.406689e-01,4.590962e-01,2.348707e-04
4.627332e-01,1.309522e+00,9.039633e+01,5.475084e-01,4.522514e-01,2.402576e-04
4.779239e-01,1.321585e+00,9.122900e+01,5.544818e-01,4.452723e-01,2.458446e-04
4.936132e-01,1.334164e+00,9.209736e+01,5.615871e-01,4.381613e-01,2.516382e-04
5.098176e-01,1.347285e+00,9.300307e+01,5.688214e-01,4.309210e-01,2.576450e-04
5.265540e-01,1.360972e+00,9.394788e+01,5.761817e-01,4.235544e-01,2.638717e-04
5.438397e-01,1.375252e+00,9.493366e+01,5.836644e-01,4.160652e-01,2.703253e-04
5.616930e-01,1.390154e+00,9.596231e+01,5.912655e-01,4.084575e-01,2.770126e-04
5.801323e-01,1.405706e+00,9.703589e+01,5.989804e-01,4.007357e-01,2.839405e-04
5.991770e-01,1.421940e+00,9.815650e+01,6.068040e-01,3.929049e-01,2.911161e-04
6.188468e-01,1.438887e+00,9.932639e+01,6.147307e-01,3.849707e-01,2.985465e-04
6.391624e-01,1.456583e+00,1.005479e+02,6.227547e-01,3.769391e-01,3.062388e-04
6.601449e-01,1.475061e+00,1.018235e+02,6.308691e-01,3.688167e-01,3.142002e-04
6.818162e-01,1.494360e+00,1.031557e+02,6.390670e-01,3.606105e-01,3.224380e-04
7.041990e-01,1.514518e+00,1.045472e+02,6.473409e-01,3.523282e-01,3.309593e-04
7.273165e-01,1.535577e+00,1.060009e+02,6.556826e-01,3.439777e-01,3.397714e-04
7.511929e-01,1.557580e+00,1.075197e+02,6.640836e-01,3.355675e-01,3.488815e-04
7.758532e-01,1.580570e+00,1.091068e+02,6.725350e-01,3.271067e-01,3.582970e-04
8.013230e-01,1.604596e+00,1.107653e+02,6.810274e-01,3.186046e-01,3.680251e-04
8.276289e-01,1.629707e+00,1.124987e+02,6.895510e-01,3.100710e-01,3.780730e-04
8.547985e-01,1.655954e+00,1.143105e+02,6.980957e-01,3.015159e-01,3.884480e-04
8.828599e-01,1.683391e+00,1.162045e+02,7.066511e-01,2.929498e-01,3.991575e-04
9.118425e-01,1.712076e+00,1.181846e+02,7.152064e-01,2.843834e-01,4.102086e-04
9.417766e-01,1.742068e+00,1.202549e+02,7.237508e-01,2.758276e-01,4.216087e-04
9.726934e-01,1.773427e+00,1.224197e+02,7.322732e-01,2.672934e-01,4.333651e-04
1.004625e+00,1.806221e+00,1.246834e+02,7.407624e-01,2.587922e-01,4.454852e-04
1.037605e+00,1.840516e+00,1.270509e+02,7.492070e-01,2.503350e-01,4.579764e-04
1.071668e+00,1.876385e+00,1.295268e+02,7.575960e-01,2.419331e-01,4.708462e-04
1.106848e+00,1.913901e+00,1.321166e+02,7.659181e-01,2.335978e-01,4.841020e-04
1.143184e+00,1.953142e+00,1.348254e+02,7.741623e-01,2.253400e-01,4.977517e-04
1.180713e+00,1.994191e+00,1.376590e+02,7.823176e-01,2.171706e-01,5.118030e-04
1.219473e+00,2.037133e+00,1.406233e+02,7.903736e-01,2.091001e-01,5.262640e-04
1.259506e+00,2.082057e+00,1.437244e+02,7.983200e-01,2.011389e-01,5.411427e-04
1.300854e+00,2.129056e+00,1.469687e+02,8.061467e-01,1.932968e-01,5.564477e-04
1.343558e+00,2.178229e+00,1.503632e+02,8.138445e-01,1.855833e-01,5.721876e-04
1.387665e+00,2.229678e+00,1.539147e+02,8.214042e-01,1.780074e-01,5.883714e-04
1.433219e+00,2.283511e+00,1.576307e+02,8.288174e-01,1.705776e-01,6.050083e-04
1.480269e+00,2.339839e+00,1.615191e+02,8.360762e-01,1.633017e-01,6.221082e-04
1.528864e+00,2.398779e+00,1.655877e+02,8.431733e-01,1.561871e-01,6.396811e-04
1.579053e+00,2.460456e+00,1.698453e+02,8.501020e-01,1.492402e-01,6.577375e-04
1.630891e+00,2.524997e+00,1.743005e+02,8.568565e-01,1.424672e-01,6.762887e-04
1.684430e+00,2.592536e+00,1.789628e+02,8.634313e-01,1.358733e-01,6.953462e-04
1.739726e+00,2.663215e+00,1.838417e+02,8.698219e-01,1.294631e-01,7.149222e-04
1.796838e+00,2.737181e+00,1.889476e+02,8.760245e-01,1.232405e-01,7.350297e-04
1.855825e+00,2.814589e+00,1.942911e+02,8.820358e-01,1.172086e-01,7.556820e-04
1.916748e+00,2.895599e+00,1.998832e+02,8.878533e-01,1.113698e-01,7.768934e-04
1.979672e+00,2.980382e+00,2.057358e+02,8.934754e-01,1.057259e-01,7.986790e-04
2.044661e+00,3.069114e+00,2.118610e+02,8.989008e-01,1.002781e-01,8.210544e-04
2.111783e+00,3.161981e+00,2.182716e+02,9.041293e-01,9.502667e-02,8.440363e-04
2.181109e+00,3.259178e+00,2.249810e+02,9.091609e-01,8.997143e-02,8.676420e-04
2.252711e+00,3.360907e+00,2.320034e+02,9.139965e-01,8.511157e-02,8.918899e-04
2.326663e+00,3.467382e+00,2.393534e+02,9.186375e-01,8.044568e-02,9.167992e-04
2.403043e+00,3.578827e+00,2.470464e+02,9.230858e-01,7.597181e-02,9.423902e-04
2.481930e+00,3.695476e+00,2.550987e+02,9.273438e-01,7.168753e-02,9.686839e-04
2.563407e+00,3.817573e+00,2.635271e+02,9.314144e-01,6.758994e-02,9.957026e-04
2.647559e+00,3.945377e+00,2.723494e+02,9.353008e-01,6.367570e-02,1.023470e-03
2.734474e+00,4.079156e+00,2.815842e+02,9.390069e-01,5.994112e-02,1.052009e-03
2.824241e+00,4.219194e+00,2.912509e+02,9.425365e-01,5.638213e-02,1.081346e-03
2.916956e+00,4.365785e+00,3.013702e+02,9.458941e-01,5.299440e-02,1.111508e-03
3.012714e+00,4.519242e+00,3.119633e+02,9.490842e-01,4.977333e-02,1.142521e-03
3.111616e+00,4.679889e+00,3.230527e+02,9.521115e-01,4.671409e-02,1.174415e-03
3.213764e+00,4.848067e+00,3.346621e+02,9.549811e-01,4.381167e-02,1.207220e-03
3.319266e+00,5.024135e+00,3.468160e+02,9.576981e-01,4.106094e-02,1.240966e-03
3.428231e+00,5.208467e+00,3.595405e+02,9.602677e-01,3.845664e-02,1.275686e-03
3.540774e+00,5.401459e+00,3.728627e+02,9.626951e-01,3.599344e-02,1.311414e-03
3.657011e+00,5.603521e+00,3.868111e+02,9.649859e-01,3.366596e-02,1.348185e-03
3.777064e+00,5.815089e+00,4.014156e+02,9.671452e-01,3.146881e-02,1.386034e-03
3.901058e+00,6.036615e+00,4.167075e+02,9.691784e-01,2.939661e-02,1.425000e-03
4.029122e+00,6.268577e+00,4.327199e+02,9.710909e-01,2.744400e-02,1.465120e-03
4.161391e+00,6.511474e+00,4.494871e+02,9.728879e-01,2.560569e-02,1.506436e-03
4.298001e+00,6.765831e+00,4.670453e+02,9.745745e-01,2.387646e-02,1.548989e-03
4.439097e+00,7.032199e+00,4.854327e+02,9.761560e-01,2.225119e-02,1.592822e-03
4.584824e+00,7.311155e+00,5.046890e+02,9.776372e-01,2.072483e-02,1.637979e-03
4.735335e+00,7.603304e+00,5.248561e+02,9.790230e-01,1.929249e-02,1.684507e-03
4.890787e+00,7.909283e+00,5.459778e+02,9.803181e-01,1.794940e-02,1.732454e-03
5.051342e+00,8.229758e+00,5.681002e+02,9.815272e-01,1.669091e-02,1.781867e-03
5.217169e+00,8.565429e+00,5.912716e+02,9.826547e-01,1.551253e-02,1.832799e-03
5.388438e+00,8.917032e+00,6.155427e+02,9.837048e-01,1.440993e-02,1.885301e-03
5.565331e+00,9.285336e+00,6.409667e+02,9.846816e-01,1.337893e-02,1.939428e-03
5.748030e+00,9.671151e+00,6.675996e+02,9.855893e-01,1.241549e-02,1.995236e-03
5.936727e+00,1.007533e+01,6.954997e+02,9.864315e-01,1.151576e-02,2.052782e-03
6.131619e+00,1.049875e+01,7.247288e+02,9.872118e-01,1.067604e-02,2.112126e-03
6.332908e+00,1.094236e+01,7.553512e+02,9.879339e-01,9.892793e-03,2.173329e-03
6.540806e+00,1.140714e+01,7.874349e+02,9.886009e-01,9.162631e-03,2.236454e-03
6.755528e+00,1.189411e+01,8.210507e+02,9.892161e-01,8.482337e-03,2.301568e-03
6.977300e+00,1.240437e+01,8.562735e+02,9.897824e-01,7.848849e-03,2.368737e-03
7.206351e+00,1.293903e+01,8.931814e+02,9.903027e-01,7.259252e-03,2.438032e-03
7.442922e+00,1.349930e+01,9.318567e+02,9.907797e-01,6.710783e-03,2.509523e-03
7.687260e+00,1.408642e+01,9.723857e+02,9.912159e-01,6.200824e-03,2.583285e-03
7.939618e+00,1.470171e+01,1.014859e+03,9.916137e-01,5.726896e-03,2.659394e-03
8.200261e+00,1.534654e+01,1.059371e+03,9.919754e-01,5.286658e-03,2.737930e-03
8.469460e+00,1.602235e+01,1.106023e+03,9.923031e-01,4.877897e-03,2.818972e-03
8.747496e+00,1.673067e+01,1.154918e+03,9.925989e-01,4.498529e-03,2.902606e-03
9.034660e+00,1.747309e+01,1.206167e+03,9.928645e-01,4.146590e-03,2.988917e-03
9.331251e+00,1.825127e+01,1.259885e+03,9.931018e-01,3.820231e-03,3.077995e-03
9.637579e+00,1.906698e+01,1.316194e+03,9.933124e-01,3.517717e-03,3.169931e-03
9.953962e+00,1.992205e+01,1.375219e+03,9.934978e-01,3.237415e-03,3.264821e-03
1.028073e+01,2.081842e+01,1.437096e+03,9.936594e-01,2.977796e-03,3.362762e-03
1.061823e+01,2.175812e+01,1.501963e+03,9.937987e-01,2.737426e-03,3.463854e-03
1.096681e+01,2.274327e+01,1.569968e+03,9.939168e-01,2.514961e-03,3.568203e-03
1.132683e+01,2.377612e+01,1.641266e+03,9.940149e-01,2.309146e-03,3.675915e-03
1.169866e+01,2.485902e+01,1.716018e+03,9.940941e-01,2.118805e-03,3.787100e-03
1.208271e+01,2.599442e+01,1.794394e+03,9.941553e-01,1.942840e-03,3.901873e-03
1.247936e+01,2.718491e+01,1.876574e+03,9.941994e-01,1.780229e-03,4.020352e-03
1.288904e+01,2.843321e+01,1.962745e+03,9.942273e-01,1.630016e-03,4.142658e-03
1.331216e+01,2.974218e+01,2.053103e+03,9.942398e-01,1.491310e-03,4.268915e-03
1.374917e+01,3.111480e+01,2.147855e+03,9.942375e-01,1.363284e-03,4.399254e-03
1.420053e+01,3.255422e+01,2.247218e+03,9.942210e-01,1.245164e-03,4.533807e-03
1.466671e+01,3.406374e+01,2.351420e+03,9.941911e-01,1.136233e-03,4.672710e-03
1.514819e+01,3.564682e+01,2.460700e+03,9.941481e-01,1.035826e-03,4.816107e-03
1.564548e+01,3.730710e+01,2.575309e+03,9.940925e-01,9.433208e-04,4.964143e-03
1.615909e+01,3.904840e+01,2.695511e+03,9.940249e-01,8.581435e-04,5.116968e-03
1.668956e+01,4.087473e+01,2.821583e+03,9.939455e-01,7.797599e-04,5.274738e-03
1.723745e+01,4.279029e+01,2.953814e+03,9.938547e-01,7.076747e-04,5.437612e-03
1.780332e+01,4.479951e+01,3.092510e+03,9.937528e-01,6.414282e-04,5.605756e-03
1.838777e+01,4.690702e+01,3.237992e+03,9.936401e-01,5.805946e-04,5.779339e-03
1.899141e+01,4.911770e+01,3.390595e+03,9.935167e-01,5.247788e-04,5.958539e-03
1.961486e+01,5.143667e+01,3.550673e+03,9.933829e-01,4.736142e-04,6.143534e-03
2.025878e+01,5.386929e+01,3.718597e+03,9.932387e-01,4.267611e-04,6.334512e-03
2.092383e+01,5.642120e+01,3.894755e+03,9.930844e-01,3.839040e-04,6.531666e-03
2.161073e+01,5.909833e+01,4.079558e+03,9.929201e-01,3.447498e-04,6.735193e-03
2.232016e+01,6.190690e+01,4.273433e+03,9.927457e-01,3.090264e-04,6.945298e-03
2.305289e+01,6.485343e+01,4.476832e+03,9.925613e-01,2.764802e-04,7.162192e-03
2.380968e+01,6.794479e+01,4.690229e+03,9.923670e-01,2.468754e-04,7.386092e-03
2.459130e+01,7.118816e+01,4.914119e+03,9.921628e-01,2.199918e-04,7.617222e-03
2.539859e+01,7.459113e+01,5.149025e+03,9.919486e-01,1.956237e-04,7.855813e-03
2.623238e+01,7.816161e+01,5.395496e+03,9.917243e-01,1.735788e-04,8.102104e-03
2.709354e+01,8.190796e+01,5.654107e+03,9.914900e-01,1.536770e-04,8.356339e-03
2.798297e+01,8.583893e+01,5.925462e+03,9.912455e-01,1.357493e-04,8.618771e-03
2.890160e+01,8.996372e+01,6.210196e+03,9.909907e-01,1.196372e-04,8.889661e-03
2.985038e+01,9.429199e+01,6.508976e+03,9.907255e-01,1.051918e-04,9.169278e-03
3.083031e+01,9.883387e+01,6.822502e+03,9.904498e-01,9.227317e-05,9.457899e-03
3.184242e+01,1.036000e+02,7.151509e+03,9.901634e-01,8.074991e-05,9.755808e-03
3.288774e+01,1.086016e+02,7.496771e+03,9.898662e-01,7.049872e-05,1.006330e-02
3.396739e+01,1.138505e+02,7.859097e+03,9.895579e-01,6.140402e-05,1.038068e-02
3.508247e+01,1.193588e+02,8.239340e+03,9.892384e-01,5.335767e-05,1.070825e-02
3.623416e+01,1.251397e+02,8.638396e+03,9.889074e-01,4.625872e-05,1.104634e-02
3.742366e+01,1.312068e+02,9.057203e+03,9.885647e-01,4.001318e-05,1.139528e-02
3.865221e+01,1.375742e+02,9.496750e+03,9.882101e-01,3.453386e-05,1.175541e-02
3.992109e+01,1.442572e+02,9.958073e+03,9.878432e-01,2.974013e-05,1.212709e-02
4.123163e+01,1.512714e+02,1.044226e+04,9.874638e-01,2.555775e-05,1.251066e-02
4.258518e+01,1.586334e+02,1.095046e+04,9.870716e-01,2.191860e-05,1.290651e-02
4.398317e+01,1.663607e+02,1.148388e+04,9.866662e-01,1.876051e-05,1.331501e-02
4.542706e+01,1.744715e+02,1.204377e+04,9.862474e-01,1.602694e-05,1.373657e-02
4.691835e+01,1.829851e+02,1.263146e+04,9.858147e-01,1.366674e-05,1.417158e-02
4.845859e+01,1.919217e+02,1.324835e+04,9.853679e-01,1.163382e-05,1.462047e-02
5.004939e+01,2.013024e+02,1.389591e+04,9.849065e-01,9.886871e-06,1.508366e-02
5.169242e+01,2.111497e+02,1.457566e+04,9.844300e-01,8.388996e-06,1.556160e-02
5.338938e+01,2.214868e+02,1.528924e+04,9.839382e-01,7.107411e-06,1.605474e-02
5.514206e+01,2.323386e+02,1.603833e+04,9.834304e-01,6.013101e-06,1.656354e-02
5.695227e+01,2.437307e+02,1.682473e+04,9.829064e-01,5.080492e-06,1.708850e-02
5.882190e+01,2.556904e+02,1.765031e+04,9.823656e-01,4.287133e-06,1.763009e-02
6.075292e+01,2.682463e+02,1.851704e+04,9.818075e-01,3.613390e-06,1.818884e-02
6.274732e+01,2.814283e+02,1.942699e+04,9.812317e-01,3.042151e-06,1.876527e-02
6.480720e+01,2.952681e+02,2.038235e+04,9.806375e-01,2.558557e-06,1.935990e-02
6.693470e+01,3.097987e+02,2.138541e+04,9.800245e-01,2.149744e-06,1.997330e-02
6.913204e+01,3.250551e+02,2.243855e+04,9.793922e-01,1.804608e-06,2.060603e-02
7.140151e+01,3.410739e+02,2.354433e+04,9.787398e-01,1.513594e-06,2.125867e-02
7.374549e+01,3.578935e+02,2.470539e+04,9.780669e-01,1.268501e-06,2.193183e-02
7.616642e+01,3.755545e+02,2.592453e+04,9.773728e-01,1.062307e-06,2.262611e-02
7.866682e+01,3.940994e+02,2.720468e+04,9.766570e-01,8.890135e-07,2.334215e-02
8.124930e+01,4.135730e+02,2.854894e+04,9.759187e-01,7.435090e-07,2.408059e-02
8.391656e+01,4.340222e+02,2.996055e+04,9.751573e-01,6.214444e-07,2.484210e-02
8.667139e+01,4.554965e+02,3.144292e+04,9.743721e-01,5.191272e-07,2.562737e-02
8.951665e+01,4.780479e+02,3.299965e+04,9.735625e-01,4.334279e-07,2.643708e-02
9.245531e+01,5.017310e+02,3.463449e+04,9.727277e-01,3.616984e-07,2.727197e-02
9.549045e+01,5.266034e+02,3.635144e+04,9.718669e-01,3.017008e-07,2.813276e-02
9.862522e+01,5.527255e+02,3.815464e+04,9.709795e-01,2.515471e-07,2.902021e-02
1.018629e+02,5.801609e+02,4.004850e+04,9.700647e-01,2.096461e-07,2.993510e-02
1.052069e+02,6.089763e+02,4.203763e+04,9.691216e-01,1.746585e-07,3.087821e-02
1.086606e+02,6.392422e+02,4.412689e+04,9.681495e-01,1.454580e-07,3.185036e-02
1.122277e+02,6.710324e+02,4.632137e+04,9.671475e-01,1.210987e-07,3.285238e-02
1.159120e+02,7.044249e+02,4.862645e+04,9.661148e-01,1.007868e-07,3.388511e-02
1.197171e+02,7.395014e+02,5.104778e+04,9.650505e-01,8.385664e-08,3.494944e-02
1.236472e+02,7.763480e+02,5.359130e+04,9.639537e-01,6.975054e-08,3.604625e-02
1.277063e+02,8.150554e+02,5.626328e+04,9.628235e-01,5.800164e-08,3.717644e-02
1.318987e+02,8.557189e+02,5.907028e+04,9.616590e-01,4.821930e-08,3.834097e-02
1.362287e+02,8.984388e+02,6.201923e+04,9.604592e-01,4.007694e-08,3.954076e-02
1.407008e+02,9.433205e+02,6.511742e+04,9.592232e-01,3.330165e-08,4.077681e-02
1.453198e+02,9.904753e+02,6.837251e+04,9.579499e-01,2.766548e-08,4.205010e-02
1.500903e+02,1.040020e+03,7.179259e+04,9.566383e-01,2.297819e-08,4.336164e-02
1.550175e+02,1.092078e+03,7.538613e+04,9.552875e-01,1.908103e-08,4.471247e-02
1.601064e+02,1.146778e+03,7.916210e+04,9.538963e-01,1.584158e-08,4.610365e-02
1.653624e+02,1.204257e+03,8.312989e+04,9.524637e-01,1.314949e-08,4.753626e-02
1.707910e+02,1.264659e+03,8.729942e+04,9.509886e-01,1.091276e-08,4.901138e-02
1.763977e+02,1.328135e+03,9.168114e+04,9.494699e-01,9.054782e-09,5.053014e-02
1.821885e+02,1.394843e+03,9.628602e+04,9.479063e-01,7.511735e-09,5.209367e-02
1.881694e+02,1.464952e+03,1.011256e+05,9.462969e-01,6.230499e-09,5.370313e-02
1.943467e+02,1.538638e+03,1.062122e+05,9.446403e-01,5.166860e-09,5.535971e-02
2.007267e+02,1.616087e+03,1.115585e+05,9.429354e-01,4.284033e-09,5.706458e-02
2.073162e+02,1.697496e+03,1.171781e+05,9.411810e-01,3.551417e-09,5.881898e-02
2.141220e+02,1.783069e+03,1.230853e+05,9.393759e-01,2.943566e-09,6.062413e-02
2.211512e+02,1.873026e+03,1.292950e+05,9.375187e-01,2.439324e-09,6.248128e-02
2.284112e+02,1.967594e+03,1.358230e+05,9.356083e-01,2.021105e-09,6.439171e-02
2.359095e+02,2.067016e+03,1.426861e+05,9.336433e-01,1.674295e-09,6.635670e-02
2.436540e+02,2.171547e+03,1.499019e+05,9.316225e-01,1.386750e-09,6.837755e-02
2.516527e+02,2.281453e+03,1.574887e+05,9.295444e-01,1.148385e-09,7.045557e-02
2.599140e+02,2.397018e+03,1.654661e+05,9.274079e-01,9.508227e-10,7.259211e-02
2.684465e+02,2.518540e+03,1.738548e+05,9.252115e-01,7.871065e-10,7.478850e-02
2.772591e+02,2.646334e+03,1.826764e+05,9.229539e-01,6.514615e-10,7.704609e-02
2.863610e+02,2.780730e+03,1.919538e+05,9.206337e-01,5.390939e-10,7.936626e-02
2.957617e+02,2.922079e+03,2.017111e+05,9.182496e-01,4.460254e-10,8.175039e-02
3.054710e+02,3.070749e+03,2.119738e+05,9.158002e-01,3.689549e-10,8.419985e-02
3.154990e+02,3.227128e+03,2.227687e+05,9.132840e-01,3.051437e-10,8.671604e-02
3.258562e+02,3.391628e+03,2.341241e+05,9.106996e-01,2.523200e-10,8.930036e-02
3.365535e+02,3.564681e+03,2.460699e+05,9.080458e-01,2.085998e-10,9.195421e-02
3.476019e+02,3.746744e+03,2.586377e+05,9.053210e-01,1.724207e-10,9.467899e-02
3.590130e+02,3.938298e+03,2.718607e+05,9.025239e-01,1.424876e-10,9.747611e-02
3.707988e+02,4.139854e+03,2.857741e+05,8.996530e-01,1.177268e-10,1.003470e-01
3.829714e+02,4.351947e+03,3.004149e+05,8.967070e-01,9.724841e-11,1.032930e-01
3.955436e+02,4.575146e+03,3.158223e+05,8.936845e-01,8.031504e-11,1.063155e-01
4.085286e+02,4.810049e+03,3.320377e+05,8.905841e-01,6.631576e-11,1.094159e-01
4.219398e+02,5.057288e+03,3.491046e+05,8.874044e-01,5.474448e-11,1.125956e-01
4.357913e+02,5.317532e+03,3.670692e+05,8.841441e-01,4.518203e-11,1.158559e-01
4.500975e+02,5.591485e+03,3.859802e+05,8.808018e-01,3.728130e-11,1.191982e-01
4.648734e+02,5.879895e+03,4.058891e+05,8.773761e-01,3.075489e-11,1.226239e-01
4.801343e+02,6.183547e+03,4.268503e+05,8.738659e-01,2.536490e-11,1.261341e-01
4.958962e+02,6.503276e+03,4.489211e+05,8.702699e-01,2.091443e-11,1.297301e-01
5.121755e+02,6.839960e+03,4.721624e+05,8.665867e-01,1.724052e-11,1.334133e-01
5.289893e+02,7.194530e+03,4.966384e+05,8.628152e-01,1.420837e-11,1.371848e-01
5.463550e+02,7.567968e+03,5.224169e+05,8.589541e-01,1.170645e-11,1.410459e-01
5.642908e+02,7.961316e+03,5.495697e+05,8.550025e-01,9.642531e-12,1.449975e-01
5.828155e+02,8.375672e+03,5.781727e+05,8.509591e-01,7.940346e-12,1.490409e-01
6.019482e+02,8.812200e+03,6.083061e+05,8.468229e-01,6.536842e-12,1.531771e-01
6.217090e+02,9.272129e+03,6.400551e+05,8.425929e-01,5.379901e-12,1.574071e-01
6.421186e+02,9.756762e+03,6.735093e+05,8.382682e-01,4.426452e-12,1.617318e-01
6.631981e+02,1.026748e+04,7.087638e+05,8.338479e-01,3.640912e-12,1.661521e-01
6.849697e+02,1.080573e+04,7.459194e+05,8.293312e-01,2.993883e-12,1.706688e-01
7.074559e+02,1.137306e+04,7.850824e+05,8.247172e-01,2.461088e-12,1.752828e-01
7.306804e+02,1.197111e+04,8.263657e+05,8.200054e-01,2.022481e-12,1.799946e-01
7.546673e+02,1.260160e+04,8.698886e+05,8.151951e-01,1.661516e-12,1.848049e-01
7.794416e+02,1.326637e+04,9.157775e+05,8.102858e-01,1.364534e-12,1.897142e-01
8.050292e+02,1.396735e+04,9.641664e+05,8.052770e-01,1.120267e-12,1.947230e-01
8.314568e+02,1.470661e+04,1.015197e+06,8.001683e-01,9.194185e-13,1.998317e-01
8.587519e+02,1.548631e+04,1.069020e+06,7.949596e-01,7.543221e-13,2.050404e-01
8.869432e+02,1.630876e+04,1.125794e+06,7.896506e-01,6.186566e-13,2.103494e-01
9.160598e+02,1.717641e+04,1.185687e+06,7.842412e-01,5.072114e-13,2.157588e-01
9.461324e+02,1.809184e+04,1.248880e+06,7.787315e-01,4.156924e-13,2.212685e-01
9.771921e+02,1.905781e+04,1.315561e+06,7.731216e-01,3.405621e-13,2.268784e-01
1.009272e+03,2.007722e+04,1.385930e+06,7.674117e-01,2.789066e-13,2.325883e-01
1.042404e+03,2.115316e+04,1.460203e+06,7.616023e-01,2.283269e-13,2.383977e-01
1.076624e+03,2.228890e+04,1.538603e+06,7.556938e-01,1.868479e-13,2.443062e-01
1.111968e+03,2.348792e+04,1.621371e+06,7.496868e-01,1.528445e-13,2.503132e-01
1.148472e+03,2.475389e+04,1.708761e+06,7.435821e-01,1.249796e-13,2.564179e-01
1.186174e+03,2.609073e+04,1.801043e+06,7.373804e-01,1.021535e-13,2.626196e-01
1.225114e+03,2.750258e+04,1.898503e+06,7.310828e-01,8.346216e-14,2.689172e-01
1.265332e+03,2.899383e+04,2.001444e+06,7.246904e-01,6.816255e-14,2.753096e-01
1.306870e+03,3.056916e+04,2.110189e+06,7.182045e-01,5.564412e-14,2.817955e-01
1.349772e+03,3.223353e+04,2.225080e+06,7.116264e-01,4.540538e-14,2.883736e-01
1.394083e+03,3.399219e+04,2.346481e+06,7.049577e-01,3.703459e-14,2.950423e-01
1.439848e+03,3.585072e+04,2.474776e+06,6.982000e-01,3.019377e-14,3.018000e-01
1.487115e+03,3.781508e+04,2.610375e+06,6.913551e-01,2.460563e-14,3.086449e-01
1.535935e+03,3.989154e+04,2.753713e+06,6.844250e-01,2.004272e-14,3.155750e-01
1.586357e+03,4.208681e+04,2.905252e+06,6.774118e-01,1.631854e-14,3.225882e-01
1.638434e+03,4.440799e+04,3.065483e+06,6.703176e-01,1.328026e-14,3.296824e-01
1.692220e+03,4.686263e+04,3.234927e+06,6.631449e-01,1.080264e-14,3.368551e-01
1.747773e+03,4.945876e+04,3.414138e+06,6.558961e-01,8.783125e-15,3.441039e-01
1.805149e+03,5.220490e+04,3.603704e+06,6.485738e-01,7.137769e-15,3.514262e-01
1.864409e+03,5.511012e+04,3.804251e+06,6.411808e-01,5.797862e-15,3.588192e-01
1.925614e+03,5.818404e+04,4.016444e+06,6.337200e-01,4.707209e-15,3.662800e-01
1.988828e+03,6.143690e+04,4.240989e+06,6.261943e-01,3.819859e-15,3.738057e-01
2.054117e+03,6.487960e+04,4.478639e+06,6.186070e-01,3.098260e-15,3.813930e-01
2.121550e+03,6.852369e+04,4.730190e+06,6.109612e-01,2.511732e-15,3.890388e-01
2.191197e+03,7.238149e+04,4.996494e+06,6.032604e-01,2.035224e-15,3.967396e-01
2.263130e+03,7.646607e+04,5.278453e+06,5.955079e-01,1.648288e-15,4.044921e-01
2.337424e+03,8.079136e+04,5.577028e+06,5.877073e-01,1.334242e-15,4.122927e-01
2.414157e+03,8.537216e+04,5.893240e+06,5.798624e-01,1.079482e-15,4.201376e-01
2.493409e+03,9.022420e+04,6.228176e+06,5.719768e-01,8.729196e-16,4.280232e-01
2.575263e+03,9.536424e+04,6.582993e+06,5.640543e-01,7.055216e-16,4.359457e-01
2.659804e+03,1.008101e+05,6.958921e+06,5.560989e-01,5.699313e-16,4.439011e-01
2.747121e+03,1.065807e+05,7.357268e+06,5.481145e-01,4.601613e-16,4.518855e-01
2.837304e+03,1.126963e+05,7.779427e+06,5.401052e-01,3.713405e-16,4.598948e-01
2.930447e+03,1.191783e+05,8.226879e+06,5.320751e-01,2.995081e-16,4.679249e-01
3.026648e+03,1.260496e+05,8.701203e+06,5.240282e-01,2.414450e-16,4.759718e-01
3.126007e+03,1.333344e+05,9.204075e+06,5.159687e-01,1.945365e-16,4.840313e-01
3.228628e+03,1.410587e+05,9.737284e+06,5.079008e-01,1.566595e-16,4.920992e-01
3.334618e+03,1.492501e+05,1.030273e+07,4.998287e-01,1.260913e-16,5.001713e-01
3.444087e+03,1.579377e+05,1.090244e+07,4.917566e-01,1.014346e-16,5.082434e-01
3.557150e+03,1.671529e+05,1.153857e+07,4.836888e-01,8.155675e-17,5.163112e-01
3.673925e+03,1.769290e+05,1.221341e+07,4.756294e-01,6.554003e-17,5.243706e-01
3.794533e+03,1.873012e+05,1.292940e+07,4.675825e-01,5.264131e-17,5.324175e-01
3.919100e+03,1.983074e+05,1.368916e+07,4.595525e-01,4.225912e-17,5.404475e-01
4.047757e+03,2.099875e+05,1.449544e+07,4.515433e-01,3.390693e-17,5.484567e-01
4.180637e+03,2.223845e+05,1.535120e+07,4.435591e-01,2.719139e-17,5.564409e-01
4.317880e+03,2.355437e+05,1.625958e+07,4.356038e-01,2.179465e-17,5.643962e-01
4.459628e+03,2.495137e+05,1.722393e+07,4.276816e-01,1.746004e-17,5.723184e-01
4.606029e+03,2.643460e+05,1.824781e+07,4.197961e-01,1.398035e-17,5.802039e-01
4.757236e+03,2.800958e+05,1.933501e+07,4.119514e-01,1.118844e-17,5.880486e-01
4.913407e+03,2.968216e+05,2.048959e+07,4.041511e-01,8.949544e-18,5.958489e-01
5.074705e+03,3.145857e+05,2.171585e+07,3.963989e-01,7.155064e-18,6.036011e-01
5.241298e+03,3.334548e+05,2.301838e+07,3.886983e-01,5.717535e-18,6.113017e-01
5.413360e+03,3.534995e+05,2.440207e+07,3.810528e-01,4.566550e-18,6.189472e-01
5.591071e+03,3.747953e+05,2.587212e+07,3.734658e-01,3.645469e-18,6.265342e-01
5.774615e+03,3.974228e+05,2.743409e+07,3.659405e-01,2.908748e-18,6.340595e-01
5.964185e+03,4.214674e+05,2.909390e+07,3.584801e-01,2.319787e-18,6.415199e-01
6.159978e+03,4.470205e+05,3.085783e+07,3.510874e-01,1.849188e-18,6.489126e-01
6.362198e+03,4.741794e+05,3.273260e+07,3.437655e-01,1.473355e-18,6.562345e-01
6.571058e+03,5.030476e+05,3.472538e+07,3.365171e-01,1.173353e-18,6.634829e-01
6.786773e+03,5.337357e+05,3.684377e+07,3.293448e-01,9.340005e-19,6.706552e-01
7.009570e+03,5.663612e+05,3.909591e+07,3.222510e-01,7.431305e-19,6.777490e-01
7.239681e+03,6.010496e+05,4.149046e+07,3.152382e-01,5.909962e-19,6.847618e-01
7.477346e+03,6.379347e+05,4.403663e+07,3.083086e-01,4.697949e-19,6.916914e-01
7.722814e+03,6.771587e+05,4.674427e+07,3.014641e-01,3.732831e-19,6.985359e-01
7.976339e+03,7.188736e+05,4.962385e+07,2.947069e-01,2.964675e-19,7.052931e-01
8.238187e+03,7.632412e+05,5.268654e+07,2.880387e-01,2.353570e-19,7.119613e-01
8.508632e+03,8.104339e+05,5.594425e+07,2.814610e-01,1.867631e-19,7.185390e-01
8.787954e+03,8.606356e+05,5.940968e+07,2.749756e-01,1.481397e-19,7.250244e-01
9.076446e+03,9.140423e+05,6.309634e+07,2.685837e-01,1.174548e-19,7.314163e-01
9.374409e+03,9.708628e+05,6.701866e+07,2.622866e-01,9.308754e-20,7.377134e-01
9.682153e+03,1.031320e+06,7.119200e+07,2.560855e-01,7.374572e-20,7.439145e-01
1.000000e+04,1.095651e+06,7.563276e+07,2.499813e-01,5.839950e-20,7.500187e-01
