z,E,E2,H,Omega_m,Omega_Lambda,Omega_r,Qtilde,q
0.0,0.9999999999999999,0.9999999999999999,69.02999999999999,0.3,0.6999099999999999,9e-05,-0.09543185612236853,-0.5474513963781722
0.01002004008016032,1.0045243204089298,1.0090691102930225,69.34231383782843,0.30619777063597176,0.7027776778628951,9.366179415449505e-05,-0.0967556074482246,-0.5446372699592804
0.02004008016032064,1.0090757295519228,1.0182338279707455,69.65649761096924,0.31249307335135684,0.7056433204120648,9.743420732177417e-05,-0.09808839880405917,-0.5394544579842129
0.03006012024048096,1.0136543608874429,1.0274951633461304,69.97256053206019,0.3188869244570369,0.7085069194439161,0.00010131944517435174,-0.0994302460254872,-0.5342638085312151
0.04008016032064128,1.0182603434113047,1.0368541269641083,70.29051150568236,0.3253803415823569,0.7113684656465888,0.00010531973515840991,-0.10078116541034268,-0.5290659654574525
0.0501002004008016,1.0228938017770406,1.0463117297138875,70.61035913666912,0.3319743436754799,0.7142279487119085,0.00010943732649379796,-0.10214117372960324,-0.5238615712088763
0.06012024048096192,1.0275548563479466,1.0558689828042493,70.93211173369876,0.3386699509126987,0.7170853574013704,0.000113674490174033,-0.1035102882178633,-0.5186512684755531
0.07014028056112225,1.0322436232725352,1.0655268977868113,71.2557773145031,0.34546818464395773,0.7199406796238796,0.00011803351896629926,-0.10488852657024696,-0.513435697296841
0.08016032064128256,1.0369602145818873,1.0752864866257137,71.58136361258768,0.35237006737455384,0.72279390252374,0.00012251672741144876,-0.10627590694537298,-0.5082154969194679
0.09018036072144288,1.0417047382185847,1.08514876162705,71.9088780792289,0.35937662265100445,0.7256450125242117,0.00012712645182400066,-0.107672447947818,-0.5029913040515184
0.1002004008016032,1.0464772981564532,1.0951147355568303,72.23832789173997,0.36648887508310785,0.7284939954234192,0.00013186505029214184,-0.10907816863693792,-0.4977637526220682
0.11022044088176353,1.0512779944252268,1.1051854215627273,72.56971995517341,0.37370785022982406,0.7313408364302131,0.00013673490267772668,-0.11049308850737037,-0.49253347444456963
0.12024048096192384,1.0561069232068583,1.1153618332454567,72.90306090896942,0.3810345745941937,0.7341855202406331,0.00014173841061627672,-0.11191722749031856,-0.48730109700410407
0.13026052104208416,1.060964176893884,1.1256449846521168,73.23835713098481,0.38847007556547547,0.7370280310891095,0.00014687799751698133,-0.1133506059433752,-0.48206724538225254
0.1402805611222445,1.06584984414004,1.1360358902533474,73.57561474098695,0.39601538135175046,0.7398683527930182,0.000152156108562697,-0.11479324463778585,-0.4768325396715305
0.1503006012024048,1.0707640099586822,1.1465355650227966,73.91483960744783,0.4036715209892178,0.7427064688228515,0.0001575752107099481,-0.11624516475959408,-0.4715975965387216
0.16032064128256512,1.075706755736611,1.1571450243373849,74.25603734849825,0.41143952422363245,0.7455423623210445,0.00016313779268892602,-0.11770638788558825,-0.46636302764850923
0.17034068136272545,1.0806781593529846,1.1678652841025547,74.59921334013653,0.41932042155794863,0.7483760161795825,0.00016884636500349,-0.11917693599011979,-0.4611294398573872
0.18036072144288576,1.0856782951834465,1.1786973606324347,74.94437271651331,0.4273152441229585,0.7512074130495233,0.00017470345993116643,-0.12065683141782949,-0.4558974351674371
0.1903807615230461,1.090707234211211,1.1896422707606693,75.2915203775999,0.4354250237192181,0.7540365354099049,0.00018071163152314951,-0.12214609688788208,-0.4506676095811848
0.2004008016032064,1.095765044046853,1.2007010317550013,75.64066099055425,0.44365079271655367,0.7568633655828185,0.00018687345560430051,-0.1236447554710819,-0.4454405541242593
0.21042084168336672,1.1008517890128406,1.211874661372772,75.9917989955564,0.4519935840594994,0.7596878857834732,0.00019319152977314845,-0.12515283058608118,-0.44021685304940583
0.22044088176352705,1.1059675301907486,1.2231641778362243,76.34493860906737,0.46045443121529633,0.7625100781474983,0.00019966847340188994,-0.12667034598448815,-0.43499708521015734
0.23046092184368736,1.1111123254742747,1.2345705998208507,76.70008382748918,0.46903436813311356,0.7653299247600713,0.00020630692763638856,-0.12819732573766732,-0.4297818222218991
0.24048096192384769,1.1162862296441585,1.2460949464931708,77.05723843233626,0.4777344292422324,0.7681474076955114,0.00021310955539617594,-0.12973379423004655,-0.4245716297268852
0.250501002004008,1.1214892943931727,1.2577382374384962,77.41640599196072,0.48655564936898626,0.770962509028103,0.0002200790413744506,-0.1312797761376276,-0.41936706583946215
0.2605210420841683,1.1267215684231378,1.2695014927498955,77.7775898682492,0.4954990637770099,0.7737752108808132,0.00022721809203807923,-0.1328352964279452,-0.4141686820901982
0.27054108216432865,1.1319830974490006,1.2813857329102334,78.14079321690451,0.5045657080522519,0.776585495422318,0.00023452943562759512,-0.13440038033248208,-0.4089770222707112
0.280561122244489,1.1372739243104966,1.2933919789165969,78.50601899515358,0.5137566181736213,0.7793933449207809,0.00024201582215719992,-0.13597505335117457,-0.40379262302018837
0.2905811623246493,1.14259408896277,1.305521252132662,78.87326996110001,0.5230728303775982,0.7821987417316097,0.000249680023414762,-0.13755934122102928,-0.39861601304407934
0.3006012024048096,1.1479436285959725,1.3177745744340883,79.24254868197998,0.5325153812483107,0.7850016683527746,0.00025752483296181776,-0.13915326992327676,-0.3934477134138298
0.3106212424849699,1.1533225776183176,1.33015296804416,79.61385753299247,0.5420853075711675,0.787802107406816,0.00026555306613357065,-0.14075686565002174,-0.3882882370578439
0.32064128256513025,1.1587309677789317,1.3426574556898996,79.98719870577966,0.5517836464344446,0.7906000416953712,0.00027376756003889174,-0.14237015481273774,-0.38313808889122236
0.3306613226452906,1.1641688281469427,1.3552890604290255,80.36257420698345,0.561611435077789,0.7933954541776296,0.00028217117356031993,-0.14399316400809903,-0.3779977654577047
0.3406813627254509,1.169636185235184,1.3680488058115137,80.73998586678475,0.5715697110011162,0.7961883280229949,0.00029076678735406105,-0.14562592002717772,-0.37286775500265457
0.3507014028056112,1.1751330629767884,1.3809377157012084,81.11943533728771,0.5816595118103104,0.7989786465869977,0.00029955730384998835,-0.14726844982096662,-0.36774853716850286
0.3607214428857715,1.1806594828491073,1.3939568144415215,81.50092410107388,0.591881875332254,0.8017663934619634,0.00030854564725164304,-0.14892078051015847,-0.36264058308258074
0.37074148296593185,1.1862154638479736,1.407107126672063,81.88445346942562,0.602237839457792,0.8045515524506803,0.00031773476353623377,-0.1505829393504711,-0.35754435506334736
0.3807615230460922,1.1918010226119387,1.4203896774988625,82.27002459090212,0.6127284422630365,0.8073341076153149,0.00032712762045463594,-0.15225495374310222,-0.3524603067309958
0.3907815631262525,1.1974161733942077,1.4338054923060275,82.65763844940216,0.6233547218494007,0.8101140432490368,0.0003367272075313935,-0.15393685119991354,-0.3473888827506094
0.4008016032064128,1.2030609281868314,1.4473555969297602,83.04729587273697,0.6341177164704572,0.8128913439231773,0.0003465365360647167,-0.15562865935450768,-0.34233051890263766
0.4108216432865731,1.2087352966913711,1.461041017467577,83.43899753060535,0.6450184643708682,0.8156659944575193,0.00035655863912648447,-0.15733040592763708,-0.3372856419577597
0.42084168336673344,1.2144392864410622,1.4748627804514765,83.83274394302653,0.6560580039149556,0.8184379799648938,0.00036679657156224194,-0.15904211873835625,-0.33225466958157424
0.4308617234468938,1.2201729027733494,1.4888219126623419,84.22853547844431,0.6672373734304595,0.8212072858218238,0.00037725340999120275,-0.16076382567064004,-0.32723801048806733
0.4408817635270541,1.2259361489456044,1.5029194412915794,84.62637236171507,0.6785576113301028,0.8239738977086011,0.0003879322528062478,-0.16249555468332524,-0.3222360640160321
0.45090180360721444,1.2317290261152831,1.5171563937749037,85.02625467273799,0.6900197559714918,0.8267378015831662,0.000398836220173925,-0.16423733377970456,-0.31724922072521766
0.4609218436873747,1.2375515334421623,1.5315337979250474,85.42818235351247,0.7016248457574326,0.8294989837135066,0.0004099684540344498,-0.1659891910141718,-0.31227786148829173
0.47094188376753504,1.243403668084267,1.5460526818054103,85.83215520785696,0.7133739190285356,0.8322574306586971,0.0004213321181017056,-0.16775115446727956,-0.3073223586591848
0.48096192384769537,1.2492854252776646,1.560714073811195,86.23817290691719,0.7252680141236014,0.8350131292896518,0.00043293039786324316,-0.1695232522464081,-0.30238307459203806
0.4909819639278557,1.2551967983574717,1.5755190026068475,86.64623499061626,0.7373081693245356,0.8377660667816504,0.00044476650058028006,-0.1713055124691291,-0.2974603634059466
0.501002004008016,1.2611377788061544,1.5904684971321208,87.05634087098883,0.7494954228571771,0.8405162306195725,0.00045684365528770205,-0.17309796325517396,-0.2925545689896438
0.5110220440881763,1.267108356307591,1.605563586624525,87.46848983591302,0.761830812906199,0.8432636086054461,0.0004691651127940624,-0.17490063272054832,-0.2876660271924144
0.5210420841683366,1.2731085187579738,1.620805300534122,87.88268104986294,0.7743153775424675,0.8460081888458846,0.0004817341456815814,-0.17671354895900973,-0.2827950636201847
0.531062124248497,1.2791382523555122,1.636194668639114,88.298913560101,0.7869501548151248,0.8487499597755923,0.0004945540483061465,-0.17853674004775547,-0.2779419957778019
0.5410821643286573,1.2851975415761185,1.651732720873299,88.71718629499946,0.7997361826079232,0.8514889101284849,0.0005076281367973136,-0.18037023401904967,-0.27310713132952125
0.5511022044088176,1.291286369290074,1.6674204875143412,89.1374980720938,0.8126744987922556,0.854225028972931,0.0005209597490583057,-0.18221405887489814,-0.2682907693182387
0.561122244488978,1.2974047167190454,1.6832589989648268,89.55984759511571,0.8257661410454843,0.8569583056744775,0.0005345522447660129,-0.18406824255381285,-0.2634931998923242
0.5711422845691383,1.303552563554798,1.6992492859502857,89.9842334621877,0.8390121470133701,0.859688729931443,0.0005484090053709927,-0.18593281294695235,-0.2587147036360967
0.5811623246492986,1.3097298879293915,1.7153923793355363,90.4106541637659,0.852413554157595,0.8624162917437396,0.0005625334340974707,-0.1878077978696668,-0.25395555339612497
0.5911823647294588,1.3159366665014918,1.7316893102430582,90.83910808859798,0.8659713998534467,0.8651409814335611,0.0005769289559433399,-0.18969322506865624,-0.24921601165886298
0.6012024048096192,1.3221728744715007,1.748141109988231,91.26959352476769,0.879686721336165,0.8678627896342761,0.0005915990176801598,-0.1915891222079473,-0.24449633396209747
0.6112224448897795,1.3284384856106475,1.7647488100515105,91.702108661703,0.8935605556778651,0.8705817072856799,0.0006065470878531586,-0.1934955168594964,-0.23979676532614536
0.6212424849699398,1.3347334723352118,1.7815134421720118,92.13665159529967,0.9075939398663314,0.8732977256487837,0.0006217766567812317,-0.1954124365079415,-0.2351175437750267
0.6312625250501002,1.3410578056785327,1.7984360381713211,92.57322032598911,0.921787910658368,0.8760108362762777,0.0006372912365569413,-0.19733990852463426,-0.23045889777096185
0.6412825651302605,1.3474114554061782,1.8155176301597953,93.01181276668848,0.9361435047537264,0.8787210310449013,0.0006530943610465171,-0.1992779601856837,-0.22582104755433918
0.6513026052104208,1.3537943899682956,1.8327592503096297,93.45242673951145,0.9506617586058683,0.8814283021177474,0.0006691895858898571,-0.20122661864076888,-0.2212042057500212
0.6613226452905812,1.3602065766029507,1.8501619310339188,93.89505998290169,0.9653437085739288,0.8841326419713621,0.0006855804885005266,-0.20318591092839583,-0.21660857508461595
0.6713426853707415,1.3666479813283237,1.8677267048687822,94.33971015109418,0.980190390825203,0.8868340433753831,0.0007022706680657578,-0.20515586395763485,-0.21203435231145495
0.6813627254509018,1.373118568980892,1.8854546044801328,94.78637481675098,0.9952028413424782,0.8895324993919748,0.0007192637455464501,-0.2071365045042692,-0.20748172373936136
0.6913827655310621,1.3796183032816858,1.9033466627498377,95.23505147553477,1.0103820959991363,0.8922280033868877,0.0007365633636771717,-0.20912785921594534,-0.20295086970142562
0.7014028056112224,1.386147146802666,1.921403912589172,95.68573754378804,1.025729190403043,0.8949205489990232,0.0007541731869661574,-0.21112995458710432,-0.1984419615876205
0.7114228456913827,1.392705061080447,1.9396273871590914,96.13843036638326,1.0412451600859371,0.8976101301713161,0.000772096901695309,-0.21314281697944698,-0.19395516279441216
0.721442885771543,1.3992920065699583,1.9580181196505806,96.59312721352423,1.0569310403190795,0.9002967411154347,0.0007903382159201967,-0.21516647259369126,-0.1894906305496512
0.7314629258517034,1.4059079427270105,1.976577143422895,97.04982528644554,1.072787866233445,0.9029803763298304,0.0008089008594700581,-0.21720094748124072,-0.18504851202794093
0.7414829659318637,1.4125528280274218,1.995305491968267,97.50852171873292,1.0888166727925026,0.9056610305916637,0.0008277885839477979,-0.21924626753676235,-0.18062894969897303
0.751503006012024,1.4192266199628876,2.0142041988112824,97.96921357603813,1.1050184947087127,0.9083386989396833,0.0008470051627299874,-0.2213024584839306,-0.17623207649123018
0.7615230460921844,1.4259292751387522,2.0332742976977274,98.43189786282807,1.121394366608328,0.9110133766982731,0.0008665543909668671,-0.22336954589292313,-0.17185801903642783
0.7715430861723447,1.4326607492197176,2.0525168223548027,98.89657151863712,1.1379453228285676,0.9136850594404896,0.0008864400855823445,-0.22544755515139916,-0.1675068976259818
0.781563126252505,1.439420997027025,2.071932806682275,99.36323142477555,1.1546723975848265,0.9163537430120082,0.0009066660852739937,-0.22753651148252527,-0.16317882318734067
0.7915831663326653,1.4462099725358757,2.0915232846622183,99.8318744041515,1.1715766248963158,0.9190194235152195,0.0009272362505130565,-0.2296364399325758,-0.15887390280682623
0.8016032064128256,1.4530276288831738,2.1112892902978584,100.3024972218055,1.188659038536249,0.9216820972978915,0.0009481544635444427,-0.2317473653620107,-0.1545922341261614
0.8116232464929859,1.4598739184561278,2.131231857788449,100.7750965910265,1.2059206721863027,0.9243417609735822,0.00096942462838673,-0.23386931246193132,-0.15033390943487024
0.8216432865731462,1.4667487928362801,2.151352021286685,101.24966916948841,1.2233625592300033,0.9269984113856687,0.0009910506708321618,-0.23600230572607428,-0.14609901523256696
0.8316633266533066,1.4736522028940404,2.171650815094458,101.72621156577561,1.2409857329255218,0.929652045630305,0.001013036538446651,-0.23814636946975726,-0.1418876289635591
0.8416833667334669,1.4805840987881655,2.192129273584364,102.20472033934706,1.2587912263411905,0.9323026610424157,0.0010353862005697766,-0.24030152781968503,-0.13769982509890133
0.8517034068136272,1.4875444299624303,2.2127884311122514,102.68519200030657,1.2767800722826443,0.9349502551811005,0.001058103648314786,-0.24246780470313575,-0.13353566934848127
0.8617234468937875,1.4945331452387405,2.233629322217202,103.16762301583026,1.2949533034704577,0.9375948258519798,0.0010811928945685927,-0.2446452238674713,-0.12939522208193888
0.8717434869739479,1.5015501927613983,2.2546529813817924,103.65200980631933,1.3133119523346557,0.9402363710729454,0.0011046579739917787,-0.24683380885360418,-0.12527853932851396
0.8817635270541082,1.50859552007312,2.275860443184688,104.13834875064748,1.3318570511511785,0.9428748890902875,0.0011285029430185946,-0.24903358301077483,-0.1211856679441452
0.8917835671342685,1.515669074139389,2.2972527423025526,104.62663618784202,1.3505896320473305,0.9455103783751576,0.001152731879856956,-0.25124456949555257,-0.11711665245578284
0.9018036072144289,1.5227708013154535,2.3188309133389087,105.11686841480575,1.3695107268552458,0.9481428375989631,0.0011773488844884468,-0.2534667912531498,-0.11307153025141681
0.9118236472945891,1.5299006474476324,2.340595991060685,105.60904169331008,1.3886213673227745,0.9507722656590265,0.0012023580786683192,-0.25570027104101267,-0.10905033219272808
0.9218436873747494,1.537058557833457,2.3625490102090665,106.10315224724354,1.4079225849511192,0.9533986616518023,0.0012277636059254931,-0.2579450314085247,-0.10505308687930603
0.9318637274549098,1.5442444772540287,2.3846910055295685,106.5991962648456,1.4274154110244974,0.9560220248732848,0.001253569631562554,-0.2602010946995399,-0.10107981409774658
0.9418837675350701,1.5514583500405417,2.4070230119105203,107.09716990329859,1.4471008767357774,0.9586423548318596,0.0012797803426557563,-0.26246848306594484,-0.0971305306248259
0.9519038076152304,1.5587001200157626,2.429546064137153,107.5970692846881,1.4669800129731716,0.9612596512156947,0.0013063999480550227,-0.26474721844217747,-0.09320524905080596
0.9619238476953907,1.5659697305785047,2.4522611970881147,108.09889050183419,1.4870538504969704,0.9638739139125242,0.0013334326783839415,-0.2670373225649191,-0.08930397368648979
0.9719438877755511,1.57326712471324,2.475169445703465,108.60262961895495,1.5073234199150352,0.9664851430021496,0.0013608827860397683,-0.2693388169695261,-0.08542670787837137
0.9819639278557114,1.5805922449582552,2.4982718448221775,109.10828266946837,1.5277897515422518,0.9690933387344877,0.001388754545193428,-0.2716517229735718,-0.08157344861258353
0.9919839679358717,1.5879450335013905,2.5215694294217323,109.61584566260099,1.5484538756162227,0.971698501553471,0.0014170522517895124,-0.2739760617008794,-0.0777441869160117
1.002004008016032,1.5953254321446488,2.5450632344475106,110.12531458094512,1.5693168221495697,0.974300632074141,0.001445780223546279,-0.2763118540644021,-0.07393891295699306
1.0120240480961924,1.6027333823181014,2.568754294796821,110.63668538141854,1.590379620918863,0.9768997310777443,0.001474942799955656,-0.2786591207648383,-0.07015760915568547
1.0220440881763526,1.6101688251554864,2.5926436455025996,111.14995400048323,1.6116433016314995,0.9794957995285545,0.0015045443422832371,-0.28101788230904584,-0.06640025476858336
1.032064128256513,1.6176317014372834,2.6167323214948803,111.66511635021567,1.6331088937167668,0.9820888385442784,0.0015345892335682828,-0.28338815898665387,-0.06266682717230443
1.0420841683366733,1.625121951645023,2.6410213577185284,112.18216832205594,1.6547774264338337,0.9846788494057992,0.0015650818786237222,-0.2857699708821238,-0.058957295674415766
1.0521042084168337,1.6326395160050071,2.665511789221064,112.70110578982565,1.6766499289536838,0.9872658335630676,0.0015960267040361516,-0.28816333788371756,-0.055271628667025174
1.062124248496994,1.6401843344301053,2.6902046509099273,113.22192460571017,1.69872743014546,0.9898497926060206,0.0016274281581658329,-0.29056827966019544,-0.05160979133869392
1.0721442885771542,1.6477563465991742,2.715100977757858,113.744620605741,1.7210109587631732,0.992430728283252,0.0016592907111466992,-0.2929848156815046,-0.04797174142000482
1.0821643286573146,1.6553554919691411,2.740201804792397,114.26918961062981,1.7435015434398187,0.9950086424974015,0.0016916188548863503,-0.29541296521825594,-0.044357437063557215
1.0921843687374748,1.6629817097296624,2.765508166895391,114.7956274226386,1.7662002125106568,0.9975835372813724,0.0017244171030660511,-0.29785274732298284,-0.0407668320611122
1.1022044088176353,1.6706349388909598,2.791021099043201,115.32392983164296,1.7891079942317711,1.0001554148199892,0.0017576899911407352,-0.30030418085413907,-0.037199873924818605
1.1122244488977955,1.6783151182716751,2.8167416362192665,115.85409261429373,1.8122259167049144,1.002724277437708,0.0017914420763390038,-0.30276728446833767,-0.03365651115652091
1.122244488977956,1.6860221864711877,2.8426708132730845,116.38611153210609,1.8355550077535427,1.0052901275815684,0.001825677937663125,-0.30524207660769925,-0.030136687099819093
1.1322645290581161,1.6937560819553208,2.868809665160639,116.9199823373758,1.8590962951422176,1.0078529678422175,0.001860402175889034,-0.3077285755237586,-0.026640340113117777
1.1422845691382766,1.7015167430284621,2.8951592268061854,117.45570077125474,1.882850806455308,1.010412800936991,0.0018956194135663366,-0.3102267992650959,-0.023167409707756326
1.1523046092184368,1.7093041078214435,2.921720533015261,117.99326256291424,1.9068195690212248,1.0129696296986925,0.0019313342950183013,-0.3127367656701054,-0.01971782980151071
1.1623246492985972,1.7171181143713534,2.9484946187022327,118.53266343505453,1.9310036101208004,1.01552345709476,0.0019675514863418692,-0.31525849238955783,-0.016291530431604806
1.1723446893787575,1.7249587005845355,2.9754825187222895,119.07389910135049,1.9554039568385395,1.0180742862080068,0.0020042756754076445,-0.31779199687167886,-0.012888442843486003
1.1823647294589177,1.7328258042351063,3.002685267823043,119.6169652663494,1.980021636021403,1.0206221202294392,0.002041511571859901,-0.3203372963587546,-0.009508492545992397
1.1923847695390781,1.7407193630389866,3.030103900858855,120.16185763058124,2.004857674475737,1.0231669624756554,0.0020792639071165794,-0.32289440790833246,-0.006151601951066787
1.2024048096192383,1.7486393146126429,3.057739452608973,120.70857188771075,2.029913098805386,1.0257088163688666,0.0021175374343692867,-0.32546334837726837,-0.0028176947893912008
1.2124248496993988,1.756585596476443,3.085592957748501,121.25710372476885,2.055188935387801,1.0282476854317608,0.002156336928583301,-0.3280441344202809,0.0004933108591247404
1.222444889779559,1.764558146124898,3.1136654510557373,121.8074488270017,2.080686210565061,1.0307835733038169,0.0021956671864975627,-0.33063678251038836,0.00378149959517482
1.2324649298597194,1.7725569009848698,3.141957967229086,122.35960287498557,2.1064059504802923,1.033316483721801,0.002235533026624686,-0.33324130892309395,0.007046954459646981
1.2424849699398797,1.7805817984179053,3.1704715408571422,122.91356154478801,2.132349181052781,1.0358464205147375,0.0022759392892509472,-0.3358577297349618,0.010289763862608714
1.25250501002004,1.7886327757892562,3.1992072066275794,123.46932051273235,2.158516928170782,1.0383733876199828,0.0023168908364362925,-0.33848606084408533,0.013510018856908168
1.2625250501002003,1.7967097704288761,3.228165999154585,124.02687545270533,2.184910217536977,1.0408973890652093,0.0023583925520143344,-0.3411263179554638,0.01670780855305032
1.2725450901803608,1.8048127196271013,3.2573489529277735,124.58622203585881,2.2115300746240933,1.0434184289616975,0.0024004493415923536,-0.34377851657772934,0.019883226946171284
1.282565130260521,1.8129415607046677,3.2867571025302764,125.14735593544322,2.238377524876458,1.0459365115208714,0.002443066132551296,-0.3464426720443387,0.023036371007136403
1.2925851703406812,1.8210962309800514,3.3163914824897485,125.71027282455294,2.2654535935764883,1.0484516410388127,0.00248624787404578,-0.34911879950128455,0.026167335287634597
1.3026052104208417,1.8292766677533692,3.34625312718687,126.27496837501508,2.292759305763142,1.0509638218863164,0.0025299995370040886,-0.35180691390024993,0.02927621849638351
1.3126252505010019,1.8374828083784855,3.376343071086486,126.84143826236686,2.320295686445739,1.0534730585262055,0.0025743261141281722,-0.35450703002085254,0.03236312297703847
1.3226452905811623,1.845714590240655,3.406662348627229,127.40967816431242,2.348063760505402,1.0559793555015147,0.002619232619893648,-0.35721916246198665,0.035428148197774734
1.3326653306613225,1.8539719507249357,3.4372119940748234,127.97968375854231,2.3760645525626143,1.0584827174212341,0.002664724090549801,-0.3599433256301276,0.038471396766804
1.342685370741483,1.8622548272893433,3.467993041762462,128.55145072778336,2.404299087199846,1.0609831489780654,0.002710805584119585,-0.362679533762265,0.04149297577673039
1.3527054108216432,1.8705631574567099,3.4990065260344156,129.1249747592367,2.432768388912224,1.0634806549413554,0.002757482180399617,-0.3654278009221667,0.04449298922134837
1.3627254509018036,1.878896878767314,3.5302534810415542,129.7002515413077,2.4614734819216255,1.0659752401385258,0.00280475898096019,-0.3681881409836762,0.0474715429147099
1.3727454909819639,1.8872559288484507,3.5617349409736287,130.27727676840857,2.49041539039218,1.0684669094718544,0.002852641109145255,-0.3709605676527778,0.050428747887322656
1.3827655310621243,1.8956402454231118,3.593451940067796,130.8560461415574,2.519595138440446,1.0709556679168224,0.0029011337100724377,-0.3737450944696594,0.05336471242702712
1.3927855711422845,1.9040497662533016,3.6254055123692526,131.43655536446542,2.5490137499169188,1.0734415205012393,0.0029502419506330277,-0.3765417347890877,0.056279545053820934
1.4028056112224447,1.9124844291952754,3.6575966919143785,132.01880014734985,2.5786722485765554,1.0759244723178634,0.0029999710194919815,-0.3793505017980079,0.05917335970248416
1.4128256513026052,1.920944172227072,3.69002651281315,132.60277620883477,2.6085716581569494,1.0784045285286388,0.003050326127087925,-0.3821714085240913,0.06204626881626241
1.4228456913827654,1.9294289333945758,3.7226960090201304,133.18847927222757,2.6387130021689176,1.080881694345099,0.0031013125056331484,-0.38500446781717207,0.06489838333798414
1.4328657314629258,1.9379386508381087,3.755606214412229,133.77590506735464,2.669097303969925,1.083355975032703,0.0031529354091136166,-0.38784969235754796,0.06772981899231989
1.442885771543086,1.9464732628396497,3.7887581629496325,134.36504933382102,2.699725586914775,1.085827375921075,0.003205200113288952,-0.39070709467131387,0.0705406921340388
1.4529058116232465,1.9550327077845189,3.8221528885072678,134.95590781836535,2.730598874201689,1.0882959023893866,0.0032581119156924535,-0.39357668711715926,0.07333111606764708
1.4629258517034067,1.9636169241493833,3.8557914248058847,135.54847627403194,2.761718188810058,1.0907615598596891,0.0033116761356310827,-0.396458481881951,0.07610120735877968
1.4729458917835672,1.972225850564774,3.8896748056359463,136.14275046448637,2.7930845537094897,1.093224353811758,0.003365898114185469,-0.3993524910014094,0.07885108563398724
1.4829659318637274,1.9808594258015424,3.9238040647868164,136.73872616308049,2.8246989917961285,1.0956842897759582,0.0034207832142099095,-0.4022587263553577,0.08158086674906495
1.4929859719438878,1.989517588724287,3.958180235843302,137.33639914963754,2.8565625257054914,1.098141373316951,0.0034763368203323693,-0.40517719965182825,0.08429066762035631
1.503006012024048,1.9982002783542945,3.9928043524151797,137.93576521479696,2.8886761780269206,1.100595610048771,0.0035325643389544784,-0.40810792244809085,0.0869806098004573
1.5130260521042083,2.0069074338817914,4.027677448169997,138.53682016086006,2.921040971335883,1.103047005635322,0.003589471198251539,-0.41105090615473816,0.08965081210966552
1.5230460921843687,2.01563899461159,4.062800556598821,139.13955979803805,2.9536579279778765,1.105495565772224,0.003647062848172521,-0.41400616201726664,0.09230139192349696
1.533066132264529,2.0243948999950576,4.098174711126,139.74397994665884,2.986528070171774,1.1079412961932313,0.003705344760440056,-0.4169737011268366,0.09493247098330793
1.5430861723446894,2.033175089669722,4.133800945253481,140.3500764399009,3.019652420145708,1.1103842026786612,0.0037643224285504474,-0.4199535344337517,0.09754417119578518
1.5531062124248496,2.0419795034250607,4.169680292408058,140.95784512143194,3.0530319999965054,1.1128242910432111,0.0038240013677736636,-0.4229456727359581,0.10013661092563741
1.56312625250501,2.0508080811823177,4.2058137858427,141.56728184401538,3.0866678315990104,1.1152615671279609,0.003884387115153342,-0.42595012667226023,0.10270991089675285
1.5731462925851702,2.0596607630546284,4.242202458866775,142.178382473661,3.1205609368220033,1.1176960368146822,0.003945485229506785,-0.42896690674291477,0.10526419513517293
1.5831663326653307,2.0685374893434574,4.278847344819334,142.79114288937888,3.1547123375049164,1.120127706022403,0.0040073012914249705,-0.4319960233086583,0.1077995838599004
1.593186372745491,2.0774382004849263,4.31574947683405,143.40555897947448,3.189123055239764,1.122556580690417,0.004069840903272531,-0.4350374865726072,0.11031619672040383
1.6032064128256511,2.0863628370972567,4.352909888020514,144.02162664482364,3.223794111541529,1.124982666789193,0.004133109689187781,-0.4380913065966775,0.11281415767840697
1.6132264529058116,2.095311340006676,4.390329611560571,144.63934180066084,3.258726527939636,1.127405970325241,0.004197113295082691,-0.4411574933107772,0.11529358956260327
1.6232464929859718,2.104283650208166,4.428009680533403,145.25870037386971,3.293921325815821,1.1298264973283196,0.0042618573886429026,-0.4442360564997059,0.11775461186309766
1.6332665330661322,2.113279708855383,4.465951127859894,145.8796983022871,3.3293795263531334,1.1322442538468058,0.0043273476593277274,-0.44732700580000606,0.12019734657508341
1.6432865731462925,2.1222994573152625,4.504154986520658,146.50233153847256,3.3651021507411407,1.134659245960513,0.004393589818370136,-0.4504303507190922,0.12262191838499836
1.653306613226453,2.1313428371622525,4.542622289522839,147.12659604931028,3.4010902201462683,1.1370714797771517,0.004460589598776782,-0.4535461006337302,0.1250284479975894
1.6633266533066131,2.140409790125711,4.581354069665991,147.75248781237784,3.437344755493559,1.139480961416455,0.004528352755327969,-0.4566742647723386,0.12741705533744474
1.6733466933867736,2.149500258134714,4.620351359721201,148.3800028190393,3.4738667776354997,1.1418876970204659,0.004596885064577683,-0.45981485223085966,0.1297878643124144
1.6833667334669338,2.1586141833432495,4.659615192530644,149.00913707618452,3.5106573074466656,1.1442916927584599,0.004666192324853566,-0.4629678719819849,0.13214099793699363
1.6933867735470942,2.1677515080971532,4.699146600857482,149.63988660394648,3.5477173656840817,1.1466929548164706,0.004736280356256937,-0.4661333328642563,0.13447657547685887
1.7034068136272544,2.1769121749128253,4.738946617283688,150.27224743423233,3.5850479728921836,1.1490914893901605,0.004807155000662773,-0.46931124357518733,0.13679471793460873
1.7134268537074147,2.186096126532277,4.779016274439426,150.9062156145231,3.6226501496192336,1.151487302697784,0.004878822121719722,-0.4725016126908907,0.1390955493652446
1.723446893787575,2.1953033059243587,4.819356605002418,151.5417872079585,3.6605249164179683,1.1538804009789028,0.004951287604850107,-0.47570444866712996,0.14137919031502433
1.7334669338677353,2.204533656234117,4.859968641468963,152.1789582898411,3.6986732936312823,1.1562707904797263,0.005024557357249906,-0.4789197598223027,0.14364575934668133
1.7434869739478958,2.2137871208077424,4.900853416254234,152.81772494935845,3.737096301487339,1.158658477458294,0.005098637307888775,-0.4821475543466901,0.1458953783234329
1.753507014028056,2.22306364322794,4.942011961841882,153.4580832920247,3.775794960241399,1.1610434681922515,0.005173533407510032,-0.48538784031544235,0.14812816979593912
1.7635270541082164,2.2323631672974567,4.983445310706333,154.10002943854343,3.8147702901037714,1.1634257689732017,0.005249251628630662,-0.48864062568351846,0.15034425204347146
1.7735470941883766,2.2416856369941245,5.025154495105754,154.7435595217044,3.8540233110455473,1.1658053860939281,0.005325797965541321,-0.49190591827060287,0.15254374331461462
1.783567134268537,2.2510309965221476,5.067140547303493,155.38866968992386,3.8935550430080474,1.168182325860394,0.0054031784343063285,-0.4951837257797061,0.1547267654297264
1.7935871743486973,2.26039919032665,5.109404499629376,156.03535610824866,3.933366505961663,1.1705565945941951,0.005481399072763671,-0.4984740558030039,0.15689343851609894
1.8036072144288577,2.2697901630600654,5.151947384324238,156.6836149560363,3.9734587197601288,1.1729281986228215,0.005560465940525011,-0.5017769158107704,0.15904387901031236
1.813627254509018,2.279203859563784,5.19477023345045,157.33344242568802,4.013832704056722,1.1752971442739826,0.005640385118975666,-0.5050923131456038,0.16117820488730628
1.8236472945891782,2.288640224919024,5.2378740791174,157.98483472616022,4.054489478517913,1.177663437887433,0.005721162711274634,-0.5084202550410553,0.1632965368469812
1.8336673346693386,2.2980992044488553,5.281259953488461,158.63778808310448,4.09543006283095,1.1800270858143689,0.005802804842354571,-0.5117607486231455,0.16539899237394473
1.8436873747494988,2.3075807436727875,5.324928888569454,159.29229873573252,4.136655476504706,1.1823880944050298,0.005885317658921801,-0.5151138008950893,0.16748568629520122
1.8537074148296593,2.3170847883170334,5.36888191625019,159.94836293752482,4.1781667389095185,1.1847464700104102,0.005968707329456321,-0.5184794187416493,0.16955673597674936
1.8637274549098195,2.326611284353829,5.413120068482574,160.60597695894484,4.219964869446421,1.1871022189911287,0.0060529800442117865,-0.5218576089438393,0.17161226027013643
1.87374749498998,2.3361601779954153,5.45764437725157,161.26513708702353,4.2620508875205685,1.1894553477149634,0.006138142015215533,-0.5252483781776314,0.17365237406515188
1.8837675350701402,2.345731415644726,5.50245587434261,161.92583962195545,4.30442581232169,1.1918058625438201,0.006224199476268551,-0.528651732997235,0.17567719061797016
1.8937875751503006,2.355324943926324,5.547555591481542,162.58808087923416,4.347090662957127,1.1941537698406295,0.006311158682945512,-0.5320676798468552,0.17768682619469334
1.9038076152304608,2.3649407097134443,5.59294456045993,163.25185719151906,4.390046458571317,1.1964990759751692,0.00639902591259474,-0.5354962250711548,0.1796813973951834
1.9138276553106213,2.374578660115861,5.638623813077638,163.9171649077979,4.433294218292182,1.1988417873202601,0.006487807464338236,-0.5389373749117974,0.18166101662222855
1.9238476953907815,2.3842387424329248,5.684594380918135,164.5840003901448,4.476834961018579,1.2011819102396166,0.006577509659071666,-0.5423911354914885,0.1836257954582512
1.9338677354709417,2.393920904195603,5.730857295544693,165.25236001662248,4.520669705606901,1.2035194510974512,0.00666813883946436,-0.5458575128297966,0.18557584858851994
1.9438877755511021,2.403625093184509,5.7774135885862385,165.92224018252665,4.564799470953273,1.2058544162621208,0.0067597013699593235,-0.5493365128504779,0.18751129018427948
1.9539078156312624,2.4133512574131917,5.824264291657833,166.59363729923263,4.609225275918781,1.2081868121013848,0.006852203636773221,-0.5528281413763758,0.18943223024187894
1.9639278557114228,2.4230993450861074,5.871410436156723,167.266547791294,4.653948139136205,1.2105166449717173,0.006945652047896394,-0.5563324041151563,0.19133877847296588
1.973947895791583,2.4328693046446963,5.918853053482367,167.94096809962338,4.698969079219522,1.2128439212288395,0.0070400530330928445,-0.5598493066766873,0.19323104758881038
1.9839679358717435,2.4426610847801196,5.966593175099191,168.61689468237165,4.744289114824223,1.215168647230144,0.0071354130439002395,-0.5633788545785221,0.19510914929991152
1.9939879759519037,2.452474634414032,6.01463183244424,169.29432401360063,4.789909264560166,1.2174908293295112,0.00723173855362992,-0.5669210532398692,0.19697319122737889
2.004008016032064,2.4623099026604263,6.062970056739599,169.97325258064922,4.835830546813508,1.219810473867782,0.007329036057366886,-0.5704759079686583,0.1988232809626349
2.0140280561122244,2.4721668388722087,6.111608879219408,170.65367688734858,4.882053979963135,1.2221275871833517,0.007427312071969821,-0.5740434239792079,0.20065952895592654
2.024048096192385,2.4820453926514396,6.160549331182239,171.3355934547289,4.928580582431151,1.2244421756140553,0.007526573136071059,-0.5776236063968443,0.2024820444959372
2.034068136272545,2.49194551383005,6.209792443897711,172.01899881968833,4.975411372594534,1.2267542454921294,0.007626825810076605,-0.5812164602518252,0.20429093283394395
2.0440881763527052,2.501867152432539,6.2593392484209005,172.70388953241817,5.022547368608666,1.2290638031350878,0.007728076676166144,-0.5848219904666501,0.20608629918289845
2.0541082164328657,2.511810258721681,6.309190775819479,173.39026215955764,5.069989588624142,1.2313708548560538,0.007830332338293014,-0.5884402018735131,0.20786825150678023
2.064128256513026,2.5217747832080892,6.3593480572242065,174.0781132848544,5.117739050836433,1.2336754069655897,0.007933599422184226,-0.5920710992187282,0.20963689675620767
2.074148296593186,2.531760676634067,6.409812123750588,174.76743950804962,5.165796773407906,1.2359774657673415,0.008037884575340453,-0.5957146871576626,0.2113923378314464
2.0841683366733466,2.541767889932904,6.460584006293966,175.45823744206837,5.214163774278341,1.2382770375485894,0.00814319446703605,-0.5993709702408959,0.21313467731147617
2.094188376753507,2.5517963742733736,6.511664735754736,176.15050371609098,5.262841071376357,1.2405741285900602,0.008249535788319025,-0.6030399529312178,0.21486402052674491
2.1042084168336674,2.5618460810706587,6.563055343097092,176.84423497630758,5.311829682676961,1.2428687451681213,0.008356915252011059,-0.6067216396085724,0.21658047208222841
2.1142284569138274,2.571916961973583,6.614756859287425,177.53942788503642,5.361130626143216,1.2451608935515015,0.008465339592707495,-0.6104160345663047,0.21828413259906898
2.124248496993988,2.582008968821533,6.666770315074836,178.23607911775042,5.410744919516854,1.2474505799912048,0.008574815566777357,-0.6141231419962205,0.2199751018966447
2.1342685370741483,2.5921220536834135,6.719096741191916,178.93418536576604,5.460673580510367,1.2497378107291865,0.008685349952363324,-0.6178429660037379,0.22165348244361072
2.1442885771543083,2.6022561688724735,6.771737168434843,179.63374333726685,5.51091762688403,1.2520225920014316,0.00879694954938174,-0.6215755106142511,0.2233193765097159
2.1543086172344688,2.612411266938324,6.8246926276263,180.33474975675253,5.56147807641092,1.254304930035857,0.008909621179522636,-0.6253207797711186,0.22497288258375003
2.164328657314629,2.622587300622314,6.877964149385434,181.03720136195832,5.612355946657135,1.25658483104205,0.009023371686249688,-0.6290787773200743,0.22661409762452367
2.1743486973947896,2.632784222885964,6.9315527642772485,181.7410949058181,5.663552255124923,1.258862301217525,0.009138207934800252,-0.632849507020562,0.22824312101931743
2.1843687374749496,2.6430019869326054,6.985459502929699,182.44642715795774,5.715068019365142,1.2611373467523723,0.00925413681218534,-0.6366329725546341,0.2298600526182375
2.19438877755511,2.6532405462035316,7.039685396018414,183.1531949044298,5.766904256963069,1.2634099738281555,0.009371165227189652,-0.6404291775264517,0.2314649889814997
2.2044088176352705,2.6634998543372275,7.094231474054432,183.86139494489882,5.819061985335392,1.2656801886086686,0.00948930011037154,-0.6442381254480422,0.23305802425877076
2.214428857715431,2.6737798651793403,7.149098767438452,184.57102409332987,5.871542221782318,1.2679479972420715,0.00960854841406302,-0.6480598197438302,0.2346392544999003
2.224448897795591,2.684080532813834,7.204288306630195,185.28207918013896,5.924345983650169,1.2702134058676557,0.009728917112369784,-0.6518942637630923,0.23620877697290021
2.2344689378757514,2.6944018115621593,7.259801122149445,185.99455705213586,5.9774742883328,1.2724764206154735,0.009850413201171197,-0.6557414607805638,0.23776668649417854
2.244488977955912,2.704743655953215,7.315638244419164,186.70845457045044,6.0309281531214465,1.2747370475995978,0.009973043698120278,-0.6596014139861263,0.23931307461634188
2.254509018036072,2.715106020708415,7.371800703687084,187.42376860950188,6.084708595129642,1.2769952929147992,0.010096815642643715,-0.6634741264800569,0.24084803384198472
2.2645290581162323,2.725488860781647,7.428289530244841,188.1404960597571,6.138816631503669,1.2792511626452305,0.010221736095941878,-0.6673596012888061,0.24237165862014098
2.2745490981963927,2.7358921313617377,7.485105754447072,188.85863382790075,6.193253279441252,1.2815046628648317,0.01034781214098879,-0.6712578413668208,0.2438840420378101
2.284569138276553,2.7463157878570916,7.5422504066331175,189.57817883577505,6.248019556116707,1.2837557996338784,0.010475050882532146,-0.6751688495916761,0.24538527345622074
2.294589178356713,2.7567597858583723,7.5997245169259,190.29912801780344,6.30311647848793,1.2860045789908754,0.0106034594470933,-0.6790926287509002,0.24687544181136944
2.3046092184368736,2.767224081177608,7.657529115449257,191.02147832369027,6.358545063505279,1.28825100696101,0.010733044982967297,-0.6830291815574766,0.24835463840901473
2.314629258517034,2.7777086298584486,7.7156652323901,191.7452267191287,6.414306328171586,1.290495089558291,0.010863814660222825,-0.6869785106545816,0.24982295428725254
2.3246492985971945,2.7882133881711626,7.774133897976915,192.47037018545535,6.470401289521825,1.292736832784388,0.010995775670702252,-0.6909406186145817,0.251280477194779
2.3346693386773545,2.7987383125721377,7.832936142259136,193.19690571685467,6.526830964411168,1.294976242619947,0.011128935228021601,-0.6949155079245957,0.25272729285528595
2.344689378757515,2.809283359719285,7.892072995195671,193.92483032142223,6.5835963696001745,1.2972133250279272,0.011263300567570588,-0.6989031809931,0.25416348891767715
2.3547094188376754,2.819848486498192,7.951545486806142,194.65414102297018,6.640698521900466,1.2994480859591635,0.01139887894651257,-0.7029036401606596,0.2555891539550583
2.3647294589178354,2.8304336500211313,8.011354647171943,195.3848348609587,6.698138438176052,1.3016805313521063,0.011535677643784577,-0.7069168877004219,0.25700437447018953
2.374749498997996,2.8410388076027715,8.071501506304978,196.11690888881932,6.755917135217212,1.3039106671276695,0.011673703960097322,-0.7109429258097556,0.2584092336499588
2.3847695390781563,2.8516639167377575,8.131987094024128,196.85036017240742,6.81403562962163,1.3061384991845626,0.01181296521793517,-0.7149817566025203,0.25980381516649764
2.3947895791583167,2.8623089351399966,8.19281244018226,197.58518579271396,6.872494938013081,1.3083640334076232,0.011953468761556158,-0.7190333821247938,0.2611882046960725
2.4048096192384767,2.8729738207465902,8.253978574695262,198.32138284613714,6.931296077069638,1.3105872756686328,0.012095221956991984,-0.7230978043572176,0.26256248718713526
2.414829659318637,2.8836585317109913,8.31548652750959,199.05894844400973,6.990440063492661,1.3128082318248804,0.012238232192048032,-0.7271750252132331,0.26392674424108975
2.4248496993987976,2.894363026362587,8.377337328374793,199.7978797098094,7.049927913787696,1.3150269077107943,0.012382506876303335,-0.7312650465244532,0.26528105591584894
2.434869739478958,2.9050872632295226,8.439532006978396,200.53817378073396,7.109760644394487,1.3172433091427995,0.0125280534411106,-0.7353678700501373,0.2666255043012735
2.444889779559118,2.915831201059195,8.502071593070308,201.27982780911623,7.169939271807097,1.3194574419236162,0.012674879339596198,-0.7394834974858399,0.26796017207642886
2.4549098196392785,2.9265947988169567,8.564957116462462,202.02283896233453,7.230464812573792,1.3216693118420122,0.012822992046660178,-0.7436119304637484,0.2692851399482008
2.464929859719439,2.937378015663146,8.628189606901161,202.76720442122698,7.291338283174074,1.3238789246681113,0.012972399058976247,-0.7477531705446768,0.2706004854161894
2.474949899799599,2.9481808109304217,8.69177009393836,203.512921378527,7.352560699894514,1.326086286148854,0.013123107894991772,-0.7519072192101085,0.27190628638889525
2.4849699398797593,2.959003144161676,8.755699607158684,204.25998704148049,7.4141330790478674,1.3282914020158898,0.013275126094927816,-0.7560740778775281,0.27320262271171925
2.49498997995992,2.9698449751140044,8.8199791762099,205.00839863211974,7.476056437002683,1.3304942779864382,0.013428461220779078,-0.7602537479027578,0.2744895736775146
2.50501002004008,2.9807062637542896,8.884609830784056,205.7581533869586,7.538331790165304,1.3326949197624378,0.013583120856313939,-0.7644462305790588,0.2757672156023958
2.51503006012024,2.991586970221866,8.949592600401242,206.5092485544154,7.600960154771112,1.3348933330230572,0.01373911260707444,-0.7686515271234811,0.27703562283110794
2.5250501002004007,3.0024870548404707,9.014928514484604,207.2616813956377,7.663942546956954,1.3370895234272735,0.013896444100376307,-0.7728696386821968,0.27829487140277154
2.535070140280561,3.013406478143555,9.080618602517541,208.01544918624958,7.727279982913135,1.339283496619097,0.014055122985308918,-0.7771005663410533,0.2795450382806586
2.5450901803607215,3.024345200873509,9.146663894046627,208.77054921629835,7.790973478886409,1.3414752582274836,0.01421515693273532,-0.7813443111260618,0.280786199141549
2.5551102204408815,3.0353031839691775,9.213065418613427,209.52697878939233,7.855024051114228,1.3436648138639078,0.014376553635292218,-0.7856008739993272,0.2820184263580512
2.565130260521042,3.0462803885304104,9.279824205544987,210.28473522025422,7.919432715622199,1.3458521691153984,0.014539320807390019,-0.7898702558459931,0.2832417917304584
2.5751503006012024,3.057276775851529,9.34694128416112,211.04381583703105,7.984200488424508,1.3480373295514,0.014703466185212762,-0.7941524574879563,0.2844563691342288
2.5851703406813624,3.0682923074317796,9.414417683845034,211.80421798201576,8.049328385592352,1.3502203007259628,0.014868997526718157,-0.7984474796886926,0.285662232469309
2.595190380761523,3.079326944973791,9.48225443404162,212.5659390115408,8.114817423252461,1.3524010881775217,0.015035922611637607,-0.8027553231534195,0.28685945367377874
2.6052104208416833,3.090380650359941,9.550452564119134,213.32897629434675,8.18066861745333,1.354579697424328,0.01520424924147616,-0.8070759885206052,0.2880481017656853
2.6152304609218437,3.1014533856339455,9.619013103260263,214.09332721031126,8.246882984059768,1.3567561339609826,0.015373985239512538,-0.811409476355451,0.2892282463047078
2.6252505010020037,3.112545113036216,9.68793708068563,214.85898915289,8.313461538969253,1.358930403265578,0.015545138450799117,-0.8157557871644188,0.2903999585967938
2.635270541082164,3.1236557950067634,9.757225525679335,215.62595952931687,8.380405298136791,1.361102510800383,0.015717716742161974,-0.8201149213971092,0.2915633094798771
2.6452905811623246,3.134785394182456,9.826879467579657,216.39423576041494,8.447715277566047,1.3632724620114096,0.015891728002200824,-0.8244868794459225,0.2927183673085305
2.655310621242485,3.1459338733652076,9.89689993558662,217.16381527840028,8.515392493122995,1.365440262322334,0.016067180141289054,-0.8288716616342585,0.29386519815790035
2.665330661322645,3.1571011955221246,9.967287958767228,217.93469552689226,8.583437960540936,1.3676059171347206,0.01624408109157372,-0.833269268217227,0.29500386935929535
2.6753507014028055,3.168287323814563,10.038044566244047,218.70687396291927,8.651852695603228,1.369769431833844,0.016422438806975557,-0.837679699393769,0.29613444946534573
2.685370741482966,3.1794922215981574,10.109170787203187,219.4803480569208,8.72063771415118,1.3719308117888158,0.01660226126318896,-0.8421029553073869,0.297257006303826
2.695390781563126,3.1907158524182124,10.180667650872879,220.2551152924292,8.789794032063384,1.3740900623518144,0.016783556457681977,-0.8465390360450331,0.2983716049334775
2.7054108216432864,3.2019581799743553,10.252536186304685,221.03117316362975,8.859322665043559,1.3762471888514292,0.016966332409696354,-0.8509879416238026,0.29947830872140857
2.715430861723447,3.213219168133845,10.324777422462759,221.80851917627933,8.929224628707082,1.3784021965954292,0.017150597160247475,-0.8554496719968269,0.300577182660801
2.7254509018036073,3.2244987809538275,10.397392388372719,222.5871508492427,8.999500938725388,1.380555090875205,0.017336358772124406,-0.859924227062758,0.3016682925311607
2.7354709418837673,3.235796982680444,10.470382113123863,223.36706571443105,9.070152610828245,1.3827058769657283,0.01752362532988987,-0.8644116066661063,0.3027517032556206
2.7454909819639277,3.2471137377425414,10.543747625836339,224.14826131636764,9.141180660771973,1.384854560124487,0.017712404939880282,-0.8689118105954244,0.3038274768948517
2.755511022044088,3.258449010715891,10.617489955435369,224.93073520971797,9.212586104120312,1.3870011455848503,0.017902705730205703,-0.8734248385697136,0.3048956742210118
2.7655310621242486,3.2698027663434988,10.691610130787597,225.71448496069172,9.284369956376704,1.389145638560143,0.018094535850749858,-0.8779506902471099,0.30595635777515073
2.7755511022044086,3.281174969553264,10.766109180822863,226.4995081482618,9.35653323310253,1.3912880442471622,0.018287903473170147,-0.8824893652325745,0.3070095906192498
2.785571142284569,3.292565585456853,10.840988134534829,227.28580236408655,9.42907694991783,1.3934283678261026,0.018482816790897652,-0.8870408630781089,0.3080554349236795
2.7955911823647295,3.303974579342694,10.916248020942732,228.07336521202618,9.502002122464207,1.3955666144593868,0.0186792840191371,-0.8916051832806138,0.3090939500184513
2.8056112224448895,3.315401916640805,10.991889868865524,228.86219430571478,9.57530976618542,1.397702789285237,0.018877313394866885,-0.896182325268421,0.3101251941240575
2.81563126252505,3.326847562945254,11.067914707074776,229.6522872701109,9.649000896475824,1.399836897422112,0.019076913176839096,-0.9007722884108749,0.31114922724767946
2.8256513026052104,3.3383114840298678,11.144323564405697,230.44364174258178,9.7230765287883,1.4019689439718186,0.019278091645579466,-0.9053750720252527,0.31216610981834503
2.835671342685371,3.34979364584708,11.221117469757472,231.23625537282393,9.79753767863464,1.4040989340194443,0.019480857103387393,-0.9099906753769474,0.31317590142441754
2.845691382765531,3.36129401452151,11.298297452058131,232.03012582241985,9.872385361551478,1.406226872632318,0.019685217874335945,-0.9146190976775167,0.3141786589096276
2.8557114228456912,3.3728125563154188,11.375864540038949,232.82525076245335,9.947620592880888,1.4083527648537877,0.019891182304271886,-0.9192603380713622,0.31517443796158995
2.8657314629258517,3.384349237649392,11.45381976237802,233.62162787493753,10.023244387909923,1.4104766157072814,0.020098758760815606,-0.9239143956446235,0.3161632959964664
2.875751503006012,3.395904025118655,11.532164147817083,234.41925485394074,10.099257761984228,1.412598430199493,0.020307955633361185,-0.9285812694323567,0.3171452909022021
2.885771543086172,3.407476885491958,11.610898725161974,235.21812940550987,10.17566173050856,1.414718213320338,0.020518781333076358,-0.933260958418703,0.3181204798403119
2.8957915831663326,3.419067785706786,11.690024523257906,236.01824924733944,10.252457308922773,1.4168359700422306,0.020731244292902545,-0.9379534615355613,0.3190889174133733
2.905811623246493,3.4306766928359993,11.769542570768149,236.81961210646904,10.329645512486437,1.4189517053141583,0.02094535296755483,-0.9426587776496419,0.3200506568141299
2.915831663326653,3.4423035741025796,11.849453896279394,237.62221572030109,10.407227356381265,1.4210654240646081,0.021161115833521937,-0.9473769055689819,0.3210057528096957
2.9258517034068134,3.453948396898976,11.929759528441007,238.4260578379363,10.485203855846658,1.4231771312052852,0.021378541389066297,-0.9521078440513644,0.321954260835255
2.935871743486974,3.4656111287861786,12.01046049596661,239.2311362201099,10.563576026181284,1.4252868316311016,0.02159763815422399,-0.9568515918045348,0.3228962357372731
2.9458917835671343,3.4772917374908485,12.091557827622124,240.03744863899328,10.642344882731502,1.4273945302198183,0.021818414670804757,-0.9616081474856211,0.3238317301360132
2.9559118236472943,3.4889901908754806,12.173052552025323,240.84499287613443,10.721511440696101,1.4295002318268317,0.022040879502392002,-0.9663775096895296,0.32476079482713316
2.9659318637274548,3.500706456942049,12.254945697675756,241.65376672270966,10.801076715155357,1.4316039412860568,0.022265041234342836,-0.9711596769509437,0.3256834818562848
2.975951903807615,3.5124405038564688,12.337238293131485,242.46376798121204,10.88104172124316,1.4337056634145369,0.02249090847378799,-0.9759546477548455,0.32659984427491295
2.9859719438877756,3.5241922999483126,12.419931367014978,243.27499446543203,10.961407474152791,1.4358054030125547,0.022718489849631887,-0.9807624205369719,0.32750993467646516
2.9959919839679356,3.5359618137093105,12.503025948010437,244.0874440003537,11.042174989134358,1.4379031648635272,0.0229477940125526,-0.9855829936837621,0.3284138039456075
3.006012024048096,3.547749013770893,12.586523064712344,244.90111442060473,11.123345281347172,1.4399989537301703,0.0231788296350019,-0.990416365523695,0.3293115006772491
3.0160320641282565,3.559553868891974,12.670423745543822,245.71600356961298,11.204919365780075,1.4420927743525418,0.0234116054112052,-0.9952625343227735,0.33020307413263406
3.0260521042084165,3.5713763479886396,12.754729018972673,246.5321093016558,11.286898257461976,1.4441846314535363,0.023646130057161565,-1.0001214982972146,0.33108857499706423
3.036072144288577,3.583216420135862,12.83943991353126,247.34942948197855,11.369282971481258,1.4462745297393587,0.023882412310643798,-1.004993255614698,0.33196805364882587
3.0460921843687374,3.5950740545663926,12.92455745781644,248.1679619867181,11.452074522985749,1.4483624738994927,0.024120460931198292,-1.009877804394454,0.33284155938196847
3.056112224448898,3.6069492206586298,13.010082680409896,248.98770470206523,11.535273927105019,1.4504484686047319,0.024360284700145132,-1.0147751427027873,0.3337091389230762
3.066132264529058,3.618841887908907,13.096016609684101,249.80865552235187,11.61888219876102,1.4525325185025038,0.024601892420578093,-1.019685268542127,0.3345708387830397
3.0761523046092183,3.6307520259606836,13.18236027401761,250.630812352066,11.702900352878018,1.4546146282222279,0.02484529291736459,-1.0246081798635507,0.33542670718373135
3.0861723446893787,3.6426796046116423,13.269114701853631,251.45417310634167,11.787329404439749,1.4566948023767359,0.02509049503714571,-1.0295438745702308,0.33627679235795593
3.096192384769539,3.6546245938126165,13.356280921700034,252.27873571088492,11.872170368489448,1.4587730455622496,0.025337507648336217,-1.0344923505175099,0.33712114191921994
3.106212424849699,3.6665869636633803,13.443859962106245,253.10449810168313,11.957424260107304,1.4608493623578156,0.025586339641124545,-1.0394536055116692,0.3379598012016425
3.1162324649298596,3.6785666843818565,13.531852851444127,253.93145822287957,12.043092094196517,1.4629237573201377,0.025836999927472775,-1.0444276372976269,0.3387928142413983
3.12625250501002,3.690563726316863,13.620260618005812,254.75961402765307,12.129174885578681,1.4649962349860133,0.026089497441116685,-1.049414443564673,0.33962022652260604
3.13627254509018,3.7025780599666374,13.709084290146308,255.58896347949698,12.215673649133002,1.4670667998757392,0.02634384113756567,-1.0544140219546483,0.3404420842071021
3.1462925851703405,3.714609655978056,13.798324896285411,256.4195045521652,12.302589399798167,1.469135456493142,0.026600039994102882,-1.0594263700621156,0.34125843303676406
3.156312625250501,3.7266584851454163,13.887983464906329,257.2512352295881,12.38992315257101,1.4712022093255348,0.026858103009785052,-1.0644514854343474,0.34206931732215606
3.1663326653306614,3.738724518391487,13.978061024421656,258.08415350456437,12.477675922375582,1.4732670628406328,0.027118039205442618,-1.0694893655638884,0.3428747791521283
3.1763527054108214,3.7508077267517566,14.06855860306068,258.91825737767374,12.565848723952936,1.4753300214840641,0.027379857623679657,-1.0745400078824063,0.3436748610794971
3.186372745490982,3.7629080814034115,14.159477229091102,259.7535448592775,12.654442572077684,1.4773910896845426,0.02764356732887398,-1.0796034097732397,0.34446960711315566
3.1963927855711423,3.7750255536678816,14.250817930845496,260.59001396969387,12.743458481583843,1.4794502718544764,0.027909177407177004,-1.0846795685729367,0.34525906105290627
3.2064128256513023,3.7871601150098377,14.342581736721328,261.4276627391291,12.832897467364857,1.4815075723899578,0.02817669696651382,-1.0897684815713065,0.3460432660610637
3.2164328657314627,3.7993117370319744,14.434769675148917,262.2664892073172,12.922760544342287,1.4835629956700467,0.028446135136583207,-1.0948701460096946,0.34682226304296937
3.226452905811623,3.8114803914447215,14.527382774367606,263.10649142142915,13.013048727246925,1.4856165460518223,0.028717501068857603,-1.0999845590686899,0.34759609191078056
3.2364729458917836,3.823666050083264,14.62042206255935,263.94766743724773,13.103763030749283,1.4876682278734832,0.028990803936583102,-1.1051117178756769,0.3483647940843131
3.2464929859719436,3.835868684922665,14.713888567970335,264.7900153202116,13.194904469578468,1.489718045457087,0.029266052934779484,-1.1102516195116372,0.349128411489275
3.256513026052104,3.848088268076987,14.807783318911744,265.6335331453544,13.286474058522938,1.4917660031085673,0.029543257280240185,-1.1154042610112336,0.34988698566640775
3.2665330661322645,3.8603247717982363,14.902107343759104,266.47821899723226,13.378472812429855,1.4938121051177164,0.02982242621153231,-1.120569639362808,0.3506405569247433
3.276553106212425,3.872578168460132,14.996861670834031,267.3240709688029,13.470901746089394,1.4958563557556404,0.030103568988996642,-1.1257477515019625,0.3513891633913968
3.286573146292585,3.884848430539551,15.092047328265613,268.1710871601452,13.563761874099011,1.4978987592718536,0.030386694894747587,-1.130938594304099,0.3521328434886126
3.2965931863727453,3.8971355306448374,15.187665344214418,269.0192656804131,13.657054211082531,1.4999393198992133,0.030671813232673314,-1.1361421645967882,0.3528716371199787
3.306613226452906,3.9094394415192157,15.283716746906078,269.8686046480715,13.750779771722984,1.501978041854659,0.030958933328435568,-1.1413584591616446,0.35360558405934195
3.316633266533066,3.9217601360398486,15.380202564631292,270.71910219083077,13.844939570762609,1.504014929339214,0.031248064529469762,-1.146587474734355,0.35433472362477914
3.3266533066132262,3.9340975872152733,15.477123825733033,271.5707564454703,13.939534622990324,1.5060499865377244,0.03153921620498507,-1.151829208004012,0.3550590932765427
3.3366733466933867,3.9464517681589095,15.574481558404583,272.4235655560095,14.034565943043965,1.5080832176146541,0.03183239774596425,-1.1570836556022512,0.35577872901588603
3.346693386773547,3.9588226520932825,15.67227679072689,273.2775276739993,14.130034545446737,1.5101146267149903,0.032127618565163725,-1.1623508141054029,0.35649366799594673
3.356713426853707,3.9712102123711275,15.770510550840735,274.1326409599789,14.225941444775716,1.512144217967907,0.032424888097113636,-1.1676306800438676,0.3572039482599634
3.3667334669338675,3.983614422475155,15.869183866952064,274.98890358345994,14.322287655667056,1.5141719954868897,0.03272421579811774,-1.1729232499024256,0.3579096075378516
3.376753507014028,3.996035256017139,15.968297767331961,275.8463137228631,14.419074192815966,1.516197963369742,0.033025611146253506,-1.1782285201202538,0.3586106829134641
3.3867735470941884,4.0084726867315625,16.06785328027295,276.7048695650798,14.516302070933872,1.5182221256977078,0.03332908364137204,-1.1835464870886085,0.359307209322288
3.3967935871743484,4.020926688447145,16.16785143386652,277.5645693035064,14.613972304530417,1.5202444865310067,0.033634642805098126,-1.1888771471390047,0.35999922103359605
3.406813627254509,4.03339723510708,16.268293256169443,278.42541113944174,14.712085908076276,1.5222650499123378,0.03394229818083022,-1.1942204965522267,0.3606867538241032
3.4168336673346693,4.0458843007806715,16.3691797753035,279.28739328288975,14.810643896100819,1.5242838198689401,0.03425205933374043,-1.1995765315636864,0.3613698438187283
3.4268537074148293,4.058387859662466,16.470512019455697,280.15051395250003,14.90964728319231,1.526300800412612,0.03456393585077453,-1.204945248363446,0.3620485268115805
3.4368737474949898,4.070907886071393,16.572291016878257,281.0147713755083,15.009097083997883,1.5283159955397214,0.034877937340652025,-1.210326643096227,0.36272283769888514
3.44689378757515,4.083444354439449,16.674517795803414,281.8801637869552,15.108994313140002,1.5303294092295472,0.035194073433866,-1.2157207118569233,0.36339280926464723
3.4569138276553106,4.095997239288345,16.777193384257743,282.7466894280745,15.209339985034363,1.5323410454406956,0.03551235378268325,-1.2211274506808758,0.3640584742386437
3.4669338677354706,4.108566515255591,16.880318810279466,283.61434654809347,15.310135114102824,1.5343509081154971,0.0358327880611442,-1.2265468555554435,0.36471986685670976
3.476953907815631,4.121152157100255,16.98389510197208,284.4831334046306,15.411380714825933,1.5363590011810866,0.03615538596506303,-1.2319789224228472,0.365377021395201
3.4869739478957915,4.133754139702112,17.08792328750435,285.35304826363677,15.5130778017429,1.538365328549423,0.036480157212027506,-1.2374236471801707,0.3660299718116511
3.496993987975952,4.146372438060725,17.192404395109637,286.22408939933183,15.615227389450945,1.5403698941172916,0.03680711154139908,-1.2428810256793295,0.3666787509669396
3.507014028056112,4.1590070272802215,17.297339452966263,287.0962550931537,15.717830492487911,1.5423727017640412,0.03713625871431289,-1.2483510537208318,0.36732338977702406
3.5170340681362724,4.171657882552462,17.402729489062093,287.96954363259647,15.820888125199327,1.5443737553490886,0.037467608513677725,-1.253833727046797,0.3679639194776241
3.527054108216433,4.184324979183334,17.508575531417605,288.8439533130255,15.924401301957147,1.5463730587162823,0.037801170744176035,-1.2593290413526697,0.36860037268209456
3.537074148296593,4.197008292595879,17.61487860811858,289.71948243789353,16.028371037191768,1.5483706156945491,0.03813695523226396,-1.2648369922889235,0.36923278191640985
3.5470941883767533,4.209707798329492,17.72163974731614,290.59612931868486,16.132798345392047,1.5503664300979196,0.038474971826171295,-1.2703575754610612,0.3698611793992097
3.5571142284569137,4.22242347203892,17.828859977225207,291.47389227484666,16.23768424110379,1.5523605057255159,0.03881523039590149,-1.275890786429525,0.3704855961776443
3.567134268537074,4.2351552894774205,17.93654032598857,292.35276963262635,16.34302973879628,1.554352846359059,0.039157740833231695,-1.2814366207026908,0.3711060614843702
3.577154308617234,4.247903226483556,18.044681821569405,293.2327597241599,16.448835852756716,1.5563434557609794,0.03950251305171267,-1.286995073731407,0.3717226050285114
3.5871743486973946,4.260667259006622,18.153285491971,294.1138608892271,16.555103597305752,1.5583323376785778,0.03984955698666894,-1.2925661409203804,0.37233525780377663
3.597194388777555,4.273447363108844,18.262352365261933,294.99607147540354,16.661833986822217,1.5603194958445197,0.040198882595198604,-1.298149817629466,0.372944050680182
3.6072144288577155,4.2862435149646085,18.37188346957616,295.87938983800694,16.769028035743126,1.5623049339768604,0.040550499856173476,-1.3037460991736611,0.373549014237863
3.6172344689378755,4.299055690859527,18.481879833111684,296.76381434003315,16.8766867585624,1.5642886557790439,0.040904418770238975,-1.3093549808230247,0.37415017794288175
3.627254509018036,4.311883867174294,18.592342483997943,297.6493433510415,16.984811169700585,1.5662706649375455,0.04126064935981431,-1.3149764577959124,0.37474756948164223
3.6372745490981964,4.3247280203710705,18.70327245018268,298.535975246215,17.09340228339365,1.568250965119939,0.041619201669092255,-1.3206105252532852,0.3753412169840402
3.6472945891783564,4.3375881270185594,18.814670759652376,299.42370840809116,17.20246111390939,1.5702295599789484,0.04198008576403927,-1.3262571783099892,0.3759311498578286
3.657314629258517,4.35046416379435,18.926538440458877,300.312541226724,17.311988675573524,1.5722064531529583,0.04234331173239551,-1.3319164120361027,0.37651739740699575
3.6673346693386772,4.363356107484165,19.038876520719366,301.2024720996319,17.42198598276966,1.574181648266036,0.042708889683674756,-1.3375882214569101,0.37709998866645567
3.6773547094188377,4.376263934981078,19.15168602861607,302.09349943174385,17.532454049938952,1.5761551489279524,0.043076829749164505,-1.3432726015528742,0.3776789517378196
3.6873747494989977,4.389187623272303,19.264967992286763,302.9856216344871,17.643393891472535,1.5781269587323021,0.043447142081925884,-1.3489695472541046,0.3782543128982758
3.697394789579158,4.402127149421507,19.378723439673927,303.87883712456664,17.754806521563168,1.5800970812539634,0.0438198368567937,-1.3546790534328212,0.378826098653569
3.7074148296593186,4.415082490593762,19.49295339874762,304.7731443256874,17.866692954424167,1.5820655200530798,0.04419492427037644,-1.3604011149146262,0.37939433685209845
3.717434869739479,4.428053624059139,19.60765889754327,305.66854166880233,17.97905420432646,1.5840322786757546,0.04457241454105623,-1.3661357264803893,0.3799590553168861
3.727454909819639,4.441040527191981,19.72284096416163,306.56502759206245,18.091891285598567,1.5859973606540736,0.04495231790898886,-1.371882882866218,0.38052028161843876
3.7374749498997994,4.454043177470204,19.838500626768877,307.4626005407682,18.205205212626637,1.5879607695061373,0.04533464463610388,-1.3776425787634423,0.38107804266213186
3.74749498997996,4.467061552466773,19.954638913526857,308.36125896678135,18.318996999785846,1.589922508734907,0.04571940500610438,-1.3834148088151197,0.3816323634994392
3.75751503006012,4.480095629826492,20.071256852390434,309.2610013269227,18.433267661241114,1.5918825818248525,0.046106609324467154,-1.3891995676059858,0.38218326900516786
3.7675350701402803,4.4931453872886795,20.18835547131354,310.16182608453755,18.54801821114955,1.5938409922455483,0.04649626791844275,-1.3949968496727694,0.3827307854491637
3.7775551102204408,4.506210802693924,20.305935798315417,311.0637317099616,18.663249663725534,1.5957977434528268,0.04688839113705528,-1.400806649507461,0.3832749392544248
3.787575150300601,4.519291853983392,20.423998861480648,311.9667166804736,18.778963033240736,1.5977528388888098,0.04728298935110255,-1.4066289615572891,0.3838157566050562
3.797595190380761,4.53238851919815,20.542545688959205,312.8707794802483,18.89515933402411,1.5997062819819368,0.04768007295315606,-1.4124637802246927,0.3843532632759683
3.8076152304609217,4.5455007764752215,20.66157730893684,313.77591860008454,19.01183958043277,1.6016580761465098,0.04807965235756095,-1.418311099865835,0.3848874833534248
3.817635270541082,4.558628604022644,20.78109474941344,314.68213253568314,19.129004786633892,1.6036082247791124,0.04848173800043602,-1.4241709147797181,0.38541844017233395
3.8276553106212425,4.571771980132858,20.901099038327906,315.58941978857115,19.24665596672746,1.6055567312607733,0.04888634033967379,-1.4300432192143833,0.3859461583195676
3.8376753507014025,4.584930883195895,21.02159120368349,316.49777886701264,19.364794134869477,1.6075035989590705,0.049293469854940396,-1.4359280073730587,0.38647066288929555
3.847695390781563,4.598105291698829,21.142572273548776,317.40720828597017,19.483420305272926,1.6094488312281756,0.04970313704767565,-1.441825273414173,0.3869919787549567
3.8577154308617234,4.61129518422511,21.26404327605769,318.31770656705936,19.60253549220771,1.611392431408888,0.05011535244109305,-1.4477350114513245,0.38751013053597316
3.8677354709418834,4.624500539453344,21.386005239404263,319.2292722384643,19.722140709995504,1.6133344028285768,0.050530126580179704,-1.4536572155529877,0.3880251416281264
3.877755511022044,4.637721336138189,21.508459191671392,320.1419038336192,19.842236972841192,1.6152747487985006,0.05094747003169653,-1.459591879734184,0.3885370340561958
3.8877755511022043,4.650957553106019,21.63140616079393,321.05559989090847,19.962825294796428,1.6172134726133236,0.05136739338417795,-1.4655389979547402,0.3890458305952864
3.8977955911823647,4.6642091692761,21.754847174759252,321.9703589551292,20.083906689956944,1.6191505775543755,0.05178990724793214,-1.4714985641290348,0.38955155502177186
3.9078156312625247,4.67747616366134,21.878783261620008,322.8861795775423,20.205482172475076,1.6210860668898903,0.05221502225504089,-1.4774705721265824,0.3900542309699935
3.917835671342685,4.690758515367655,22.003215449494167,323.8030603158292,20.327552756559776,1.6230199438750323,0.05264274905935976,-1.4834550157719941,0.39055388186253803
3.9278557114228456,4.704056203593343,22.12814476656501,324.72099973404846,20.45011945647656,1.6249522117519315,0.05307309833651786,-1.4894518888449422,0.3910505305185925
3.937875751503006,4.717369207620961,22.253572241010414,325.6399964020749,20.57318328647787,1.626882873748623,0.053506080783918046,-1.4954611850767283,0.3915441980544505
3.947895791583166,4.7306975067955594,22.379498900801725,326.56004889409746,20.696745260604967,1.6288119330760218,0.05394170712073679,-1.5014828981406614,0.39203490545534936
3.9579158316633265,4.744041080546257,22.505925773910498,327.4811557901081,20.820806392891367,1.6307393929312077,0.05437998808792426,-1.5075170216620053,0.3925226750261459
3.967935871743487,4.7573999083925536,22.63285388837348,328.40331567633797,20.945367697426807,1.6326652564984683,0.05482093444820428,-1.513563549221065,0.3930075292300974
3.977955911823647,4.77077396994373,22.760284272292655,329.32652714521566,21.07043018835725,1.634589526949331,0.05526455698607437,-1.519622474353147,0.3934894903298074
3.9879759519038074,4.784163244898244,22.8882179538353,330.25078879532583,21.195994879884903,1.6365122074425944,0.05571086650780566,-1.525693790548518,0.39396858033841897
3.997995991983968,4.797567713042166,23.016655961224632,331.1760992313007,21.322062786258964,1.6384333011242223,0.05615987384144301,-1.5317774912519226,0.3944448199915924
4.008016032064128,4.810987354228804,23.145599322549476,332.1024570624144,21.448634921588134,1.6403528111245387,0.056611589836804865,-1.5378735698535382,0.3949182288781512
4.018036072144288,4.82442214837934,23.275049065773125,333.02986090262584,21.575712299849176,1.6422707405584653,0.05706602536548348,-1.5439820196894447,0.395388827467378
4.028056112224449,4.837872075501416,23.405006218916373,333.95830937186275,21.703295935067207,1.6441870925283224,0.057523191320844644,-1.5501028340502845,0.3958566370742773
4.038076152304609,4.851337115689364,23.535471810065193,334.8878010960368,21.831386841323194,1.6461018701239731,0.057983098618027855,-1.5562360061815805,0.3963216788652777
4.04809619238477,4.864817249123626,23.666446867370762,335.81833470700394,21.959986032753957,1.6480150764228587,0.05844575819394629,-1.5623815292836933,0.3967839738184409
4.05811623246493,4.878312456070179,23.797932419049467,336.74990884252446,22.089094523552152,1.6499267144900285,0.05891118100728679,-1.568539396511776,0.3972435424307952
4.06813627254509,4.891822716874288,23.929929493327343,337.68252214583214,22.218713327911463,1.6518367873773687,0.0593793780385098,-1.5747096009731287,0.39770040359525427
4.07815631262525,4.905348011938159,24.06243911822565,338.6161732640911,22.34884345981524,1.653745298120562,0.05985036028984958,-1.5808921357171697,0.39815457592418
4.0881763527054105,4.9188883217398995,24.195462321749165,339.55086084970526,22.479485933221937,1.655652249741913,0.060324138785313945,-1.5870869937442795,0.39860607929512093
4.098196392785571,4.932443626841336,24.329000131967714,340.48658356085747,22.61064176214546,1.657557645251572,0.06080072457068438,-1.5932941680095747,0.3990549338378826
4.108216432865731,4.946013907887466,24.463053577016243,341.4233400614718,22.742311960655158,1.6594614876475704,0.06128012871351608,-1.5995136514228676,0.3995011595043003
4.118236472945892,4.959599145605905,24.597623685094824,342.3611290211756,22.87449754287584,1.6613637799158474,0.06176236230313786,-1.6057454368486117,0.39994477606299195
4.128256513026052,4.973199320806215,24.732711484467394,343.299949115253,23.007199522986472,1.6632645250302738,0.062247436450652255,-1.6119895171058027,0.4003858024178224
4.138276553106213,4.986814414366113,24.86831800332964,344.2397990236928,23.14041891508988,1.6651637259508236,0.06273536228893543,-1.6182458849618238,0.4008242560556017
4.148296593186372,5.000444407219869,25.004444269696467,345.18067743038756,23.274156733101748,1.6670613856220853,0.06322615097263719,-1.6245145331272786,0.40126015488154376
4.158316633266533,5.014089280379981,25.141091311621434,346.1225830246301,23.408413990966835,1.668957506976419,0.06371981367818112,-1.6307954542661265,0.40169351790953445
4.168336673346693,5.027749014939295,25.278260157223055,347.06551450125954,23.543191702684926,1.6708520929343638,0.06421636160376437,-1.637088640996858,0.40212436412093244
4.1783567134268536,5.041423592070485,25.41595183468487,348.0094705606256,23.678490882310843,1.6727451464046685,0.06471580596935778,-1.6433940858924398,0.40255271233018686
4.188376753507014,5.055112993025526,25.554167372255495,348.9544499085521,23.814312543954465,1.6746366702843265,0.06521815801670586,-1.6497117814802702,0.40297858113957274
4.198396793587174,5.068817199134269,25.692907798239375,349.9004512562386,23.95065770177157,1.6765266674584802,0.06572342900932679,-1.656041720241703,0.40340198798378046
4.208416833667335,5.082536191785262,25.832174140807027,350.84747331893664,24.08752736977663,1.6784151407978842,0.06623163023251244,-1.662383894603358,0.40382294924639917
4.218436873747494,5.096269952426291,25.971967428003076,351.7955148159869,24.224922561850644,1.6803020931591046,0.06674277299332826,-1.6687382969375137,0.40424148214564615
4.228456913827655,5.110018462582051,26.112288687929425,352.744574472039,24.362844291921736,1.6821875273870754,0.06725686862061352,-1.675104919570453,0.4046576047069941
4.238476953907815,5.123781703854373,26.253138948752827,353.6946510170674,24.50129357397261,1.6840714463152375,0.06777392846498105,-1.681483754782749,0.4050713348363624
4.248496993987976,5.137559657921746,26.39451923870501,354.6457431863381,24.640271422040623,1.6859538527655695,0.06829396389881734,-1.687874794809225,0.4054826902829536
4.258517034068136,5.151352306538803,26.536430586082652,355.59784972037363,24.77977885021775,1.6878347495486214,0.06881698631628261,-1.6942780318388924,0.4058916885381749
4.268537074148297,5.16515963153383,26.67887401922669,356.55096936478026,24.919816872630108,1.6897141394632733,0.06934300713331067,-1.7006934580139697,0.406298345783888
4.278557114228457,5.178981614787597,26.82185056630795,357.50510086878785,25.06038650322639,1.6915920252939554,0.06987203778760909,-1.7071210654201916,0.40670267745134603
4.288577154308617,5.192818238241511,26.965361255413665,358.4602429858115,25.201488755863124,1.6934684098118817,0.07040408973865896,-1.7135608460907406,0.4071046999922454
4.298597194388777,5.206669483911337,27.109407114693557,359.4163944743996,25.34312464444881,1.695343295777035,0.07093917446771528,-1.7200127920127937,0.40750443044201523
4.3086172344689375,5.220535333886951,27.253989172362136,360.37355409821623,25.485295182946107,1.6972166859382227,0.07147730347780648,-1.7264768951275735,0.4079018856988652
4.318637274549098,5.234415770331846,27.399108456698734,361.3317206260073,25.628001385371885,1.6990885830331155,0.07201848829373479,-1.73295314733029,0.4082970825140797
4.328657314629258,5.248310775482675,27.544765996047563,362.29089283156907,25.77124426579721,1.7009589897882769,0.07256274046207604,-1.7394415404700914,0.40869003735900655
4.338677354709419,5.262220331646128,27.690962818789878,363.2510694935322,25.915024838319855,1.7028279089188414,0.07311007155117978,-1.745942066348768,0.4090807653714268
4.348697394789579,5.27614442117764,27.837699953123934,364.2122493938925,26.059344116847015,1.7046953431257486,0.0736604931511692,-1.7524547167109372,0.4094692810883036
4.35871743486974,5.2900830264924155,27.98497842718315,365.17443131877144,26.20420311521186,1.7065612950973474,0.07421401687394114,-1.7589794832493262,0.40985560011355093
4.368737474949899,5.304036130077215,28.132799269164472,366.13761405923015,26.349602847300222,1.708425767511085,0.07477065435316607,-1.7655163576104425,0.4102397385353316
4.37875751503006,5.318003714490012,28.281163507329563,367.1017964112455,26.495544327051718,1.7102887630335564,0.07533041724428834,-1.7720653313945725,0.4106217123078182
4.38877755511022,5.331985762359532,28.430072170004763,368.0669771756785,26.642028568459708,1.712150284320531,0.0758933172245257,-1.778626396155717,0.4110015372472722
4.398797595190381,5.345982256384804,28.579526285581167,369.03315515824306,26.789056585571306,1.7140103340169923,0.07645936599286973,-1.7851995434015453,0.4113792289127103
4.408817635270541,5.359993179332326,28.72952688248906,370.0003291693105,26.93662939246213,1.7158689147568473,0.07702857527008561,-1.7917847645922058,0.4117548015836554
4.4188376753507015,5.374018514015311,28.880074988979324,370.9684980224769,27.084748003020344,1.7177260291602672,0.07760095679871218,-1.7983820511307023,0.41212826892094845
4.428857715430862,5.388058243303646,29.03117163323237,371.93766053525064,27.23341343105418,1.7195816798351276,0.07817652234306201,-1.8049913943676952,0.4124996456142169
4.4388777555110215,5.402112350135984,29.182817843491726,372.907815529887,27.382626690423795,1.7214358693787097,0.07875528368922123,-1.8116127856073343,0.4128689468571418
4.448897795591182,5.416180817519436,29.33501464806551,373.87896183336665,27.532388795042706,1.7232886003777537,0.07933725264504983,-1.818246216107262,0.4132361877192081
4.458917835671342,5.430263628529132,29.48776307532637,374.85109827736596,27.6827007588777,1.7251398754084868,0.07992244104018127,-1.824891677078552,0.4136013831403407
4.468937875751503,5.444360766307794,29.64106415371159,375.824223698227,27.83356359594891,1.7269896970366583,0.08051086072602276,-1.8315491596856568,0.4139645478612006
4.478957915831663,5.458472214063901,29.79491891170767,376.7983369368311,27.98497832031453,1.7288380678173845,0.08110252357575518,-1.8382186550456778,0.4143256954811356
4.488977955911824,5.472597955052457,29.94932837764433,377.7734368372711,28.136945945867282,1.7306849902927177,0.08169744148433306,-1.8449001542193961,0.41468483881241447
4.498997995991984,5.48673797257993,30.104293579750518,378.7495222471926,28.289467486389633,1.7325304669924033,0.0822956263684846,-1.851593648213716,0.41504199156343935
4.509018036072144,5.5008922500186825,30.259815546315608,379.7265920187897,28.442543955713028,1.7343745004358686,0.08289709016671164,-1.8582991279886278,0.41539716807911686
4.519038076152304,5.515060770806919,30.415895305693407,380.7046450088016,28.596176367721814,1.7362170931323033,0.0835018448392898,-1.8650165844573174,0.41575038259952835
4.529058116232465,5.529243518448262,30.57253388630212,381.6836800784836,28.750365736353164,1.7380582475806903,0.08410990236826825,-1.871746008486104,0.4161016492432019
4.539078156312625,5.543440476511356,30.729732316624446,382.6636960935789,28.90511307559714,1.7398979662698368,0.08472127475746986,-1.878487390894387,0.41645098198779107
4.5490981963927855,5.557651628629041,30.88749162520303,383.6446919242627,29.060419399492186,1.7417362516783532,0.08533597403249119,-1.8852407224543855,0.41679839392929807
4.559118236472946,5.5718769584831,31.04581284047488,384.62666644408836,29.216285721961416,1.7435731062727624,0.08595401224070241,-1.8920059938840086,0.4171438971130561
4.569138276553106,5.58611644979983,31.20469699072425,385.6096185296823,29.372713056765978,1.7454085325070274,0.08657540145124744,-1.8987831958448431,0.4174875041935422
4.579158316633267,5.600370086368006,31.364145104285587,386.59354706198343,29.52970241770557,1.7472425328249745,0.08720015375504381,-1.9055723189508218,0.4178292286856913
4.589178356713426,5.61463785203975,31.524158209557537,387.57845092630396,29.687254818632265,1.7490751096604897,0.08782828126478266,-1.9123733537687646,0.4181690840519181
4.599198396793587,5.628919730730141,31.684737335003085,388.56432901230164,29.845371273450606,1.7509062654375502,0.088459796114929,-1.9191862908183186,0.41850708364053846
4.609218436873747,5.643215706416818,31.845883509149466,389.55118021395293,30.00405279611749,1.7527360025702534,0.08909471046172134,-1.9260111205718977,0.41884324068610845
4.619238476953908,5.6575257631395885,32.00759776058818,390.5390034295258,30.16330040064216,1.7545643234628503,0.08973303648317185,-1.9328478334546206,0.41917756790971294
4.629258517034068,5.671849884991972,32.16988111788345,391.52779756099585,30.323115100995647,1.7563912305087408,0.09037478637906644,-1.93969641984038,0.4195100767687625
4.6392785571142285,5.68618805610557,32.33273460939765,392.5175615129675,30.483497910938116,1.7582167260885686,0.09101997237096467,-1.9465568700444684,0.41984077883181303
4.649298597194389,5.700540260669105,32.49615926350939,393.5082941939883,30.644449844234437,1.760040812572753,0.09166860670219971,-1.9534291743327783,0.4201696867311071
4.6593186372745485,5.714906482932276,32.66015610866136,394.49999451681504,30.80597191470142,1.7618634923220635,0.09232070163787845,-1.9603133229237752,0.42049681319978816
4.669338677354709,5.72928670720539,32.82472617336038,395.4926613983881,30.96806513620785,1.7636847676876526,0.09297626946488151,-1.9672093059884357,0.4208221708635924
4.679358717434869,5.7436809178589785,32.98987048617736,396.4862937598053,31.13073052267442,1.7655046410110797,0.09363532249186308,-1.9741171136501805,0.4211457722418408
4.68937875751503,5.758089099323436,33.15559007574738,397.4808905262968,31.293969088073776,1.7673231146243509,0.09429787304925102,-1.9810367359848218,0.4214676296430526
4.69939879759519,5.772511236086517,33.32188597074509,398.47645062705226,31.457781846406178,1.7691401908496716,0.09496393348924692,-1.9879681630194679,0.4217877542402497
4.709418837675351,5.786947312674203,33.48875919966718,399.4729729939002,31.622169811484234,1.7709558719971157,0.09563351618582597,-1.9949113847234197,0.42210615664790874
4.719438877755511,5.801397313659621,33.65621079093707,400.47045656192364,31.78713399703648,1.7727701603658468,0.09630663353473708,-2.0018663910125456,0.4224228484233059
4.729458917835671,5.8158612236744895,33.824241773040534,401.46890027025,31.952675416841384,1.774583058245647,0.09698329795350276,-2.0088331717548993,0.4227378416087342
4.739478957915831,5.830339027408897,33.99285317452732,402.46830306203617,32.11879508472894,1.7763945679169604,0.09766352188141929,-2.015811716770714,0.4230511481521264
4.749498997995992,5.844830709610934,34.162046024011055,403.46866388444283,32.28549401458057,1.7782046916509253,0.09834731777955658,-2.0228020158323465,0.4233627799011812
4.759519038076152,5.859336255086351,34.33182135016935,404.4699816886108,32.45277322032919,1.7800134317094032,0.09903469813075814,-2.0298040586642125,0.4236727486016274
4.7695390781563125,5.873855648698145,34.50218018174311,405.4722554296329,32.62063371595846,1.7818207903450018,0.09972567543964123,-2.036817834942697,0.4239810653959357
4.779559118236473,5.88838887535599,34.67312354741618,406.475484065824,32.789076515383755,1.7836267697998305,0.1004202622325967,-2.043843334291143,0.42428774029457106
4.789579158316633,5.902935920004908,34.84465247568419,407.4796665579388,32.95810263232223,1.785431372304173,0.10111847105778915,-2.050880546274451,0.4245927836118666
4.799599198396794,5.9174967676438195,35.01676799507505,408.4848018704529,33.127713080511,1.7872346000788892,0.1018203144851568,-2.0579294604081353,0.42489620662358285
4.809619238476953,5.932071403327878,35.18947113418038,409.49088897172345,33.297908873738194,1.7890364553357772,0.10252580510641149,-2.0649900661595657,0.42519802064141565
4.819639278557114,5.946659812168138,35.3627629216556,410.49792683396663,33.46869102584296,1.790836940277605,0.1032349555350389,-2.0720623529479,0.42549823688296673
4.829659318637274,5.961261979331209,35.53664438621985,411.5059144332334,33.64006055071541,1.7926360570981366,0.10394777840629821,-2.0791463101440217,0.4257968664724545
4.839679358717435,5.975877890038925,35.71111655665607,412.514850749387,33.812018462296685,1.7944338079821642,0.10466428637722229,-2.0862419270704806,0.4260939203710252
4.849699398797595,5.990507529566564,35.88618046179369,413.52473476597993,33.984565774561716,1.7962301951053572,0.10538449212661775,-2.093349193000722,0.42638940852814833
4.859719438877756,6.005150883225111,36.06183713029933,414.53556546902945,34.15770350131212,1.7980252206321516,0.10610840835506477,-2.100468097150548,0.4266833402531027
4.869739478957916,6.0198079363668455,36.23808759074526,415.54734184740335,34.33143265624382,1.7998188867165257,0.10683604778491732,-2.1075986286809014,0.4269757256922073
4.879759519038076,6.034478674397979,36.414932871763995,416.56006289369253,34.50575425310006,1.8016111955036327,0.10756742316030284,-2.11474077670411,0.4272665755467966
4.889779559118236,6.0491630827786125,36.59237400205165,417.57372760420765,34.68066930567467,1.803402149129861,0.10830254724712272,-2.121894530283953,0.4275559004428482
4.8997995991983965,6.063861147022405,36.77041201036788,418.58833497895665,34.85617882781196,1.8051917497228644,0.10904143283305183,-2.1290598784355987,0.4278437109184048
4.909819639278557,6.078572852696257,36.94904792553591,419.6038840216226,35.03228383340679,1.806979999401588,0.10978409272753871,-2.1362368101255376,0.4281300174246443
4.919839679358717,6.093298185419996,37.12828277644262,420.6203737395423,35.20898533640452,1.8087669002763003,0.11053053976180557,-2.1434253142715307,0.4284148300965047
4.929859719438878,6.108037130861325,37.30811759198065,421.63780314335725,35.38628435074376,1.8105524544480422,0.11128078678884838,-2.1506253797402186,0.4286981579203817
4.939879759519038,6.122789674718293,37.48855340083694,422.65617124580376,35.56418189014693,1.8123366640065741,0.11203484668343669,-2.157836995338628,0.4289800097442318
4.949899799599198,6.137555802734824,37.66959123168391,423.6754770627849,35.742678968309455,1.814119531032344,0.11279273234211365,-2.16506014982183,0.4292603954120846
4.959919839679358,6.152335500706811,37.851232113257325,424.6957196137912,35.921776598976834,1.8159010575972945,0.11355445668319633,-2.1722948318960045,0.4295393249939128
4.969939879759519,6.1671287544818,38.033477074356234,425.7168979218786,36.101475795944566,1.817681245764894,0.11432003264677522,-2.1795410302183793,0.42981680847726444
4.979959919839679,6.181935549958693,38.21632714384309,426.73901101364856,36.281777573058214,1.8194600975901614,0.11508947319471459,-2.1867987333971675,0.4300928557678041
4.98997995991984,6.196755873087445,38.39978335064374,427.7620579192263,36.46268294421339,1.8212376151196943,0.1158627913106523,-2.194067929991504,0.430367476671353
5.0,6.211589709868371,38.58384672374264,428.7860376722137,36.64419292335099,1.8230138003916518,0.11664000000000001,-2.2013486085111906,0.4282809669130059
