z,Q,w_eff
1.000000e-03,-1.305034e+01,-9.100364e-01
1.032828e-03,-1.305069e+01,-9.100364e-01
1.066734e-03,-1.305105e+01,-9.100364e-01
1.101753e-03,-1.305142e+01,-9.100364e-01
1.137921e-03,-1.305181e+01,-9.100364e-01
1.175277e-03,-1.305220e+01,-9.100364e-01
1.213859e-03,-1.305261e+01,-9.100364e-01
1.253708e-03,-1.305304e+01,-9.100364e-01
1.294865e-03,-1.305347e+01,-9.100364e-01
1.337373e-03,-1.305392e+01,-9.100364e-01
1.381276e-03,-1.305439e+01,-9.100364e-01
1.426621e-03,-1.305487e+01,-9.100364e-01
1.473454e-03,-1.305537e+01,-9.100364e-01
1.521825e-03,-1.305588e+01,-9.100364e-01
1.571784e-03,-1.305641e+01,-9.100364e-01
1.623382e-03,-1.305696e+01,-9.100365e-01
1.676675e-03,-1.305753e+01,-9.100365e-01
1.731717e-03,-1.305811e+01,-9.100365e-01
1.788566e-03,-1.305872e+01,-9.100365e-01
1.847281e-03,-1.305934e+01,-9.100365e-01
1.907924e-03,-1.305998e+01,-9.100365e-01
1.970558e-03,-1.306065e+01,-9.100365e-01
2.035248e-03,-1.306134e+01,-9.100365e-01
2.102061e-03,-1.306205e+01,-9.100365e-01
2.171068e-03,-1.306278e+01,-9.100365e-01
2.242340e-03,-1.306354e+01,-9.100365e-01
2.315951e-03,-1.306432e+01,-9.100365e-01
2.391980e-03,-1.306513e+01,-9.100365e-01
2.470504e-03,-1.306596e+01,-9.100365e-01
2.551606e-03,-1.306682e+01,-9.100365e-01
2.635371e-03,-1.306771e+01,-9.100365e-01
2.721885e-03,-1.306863e+01,-9.100366e-01
2.811239e-03,-1.306958e+01,-9.100366e-01
2.903527e-03,-1.307057e+01,-9.100366e-01
2.998844e-03,-1.307158e+01,-9.100366e-01
3.097291e-03,-1.307263e+01,-9.100366e-01
3.198969e-03,-1.307371e+01,-9.100366e-01
3.303985e-03,-1.307482e+01,-9.100366e-01
3.412449e-03,-1.307598e+01,-9.100366e-01
3.524473e-03,-1.307717e+01,-9.100366e-01
3.640175e-03,-1.307840e+01,-9.100366e-01
3.759675e-03,-1.307967e+01,-9.100367e-01
3.883098e-03,-1.308098e+01,-9.100367e-01
4.010573e-03,-1.308234e+01,-9.100367e-01
4.142232e-03,-1.308374e+01,-9.100367e-01
4.278214e-03,-1.308519e+01,-9.100367e-01
4.418660e-03,-1.308668e+01,-9.100367e-01
4.563716e-03,-1.308823e+01,-9.100367e-01
4.713535e-03,-1.308982e+01,-9.100367e-01
4.868271e-03,-1.309147e+01,-9.100368e-01
5.028087e-03,-1.309317e+01,-9.100368e-01
5.193150e-03,-1.309493e+01,-9.100368e-01
5.363631e-03,-1.309674e+01,-9.100368e-01
5.539709e-03,-1.309862e+01,-9.100368e-01
5.721568e-03,-1.310056e+01,-9.100368e-01
5.909396e-03,-1.310256e+01,-9.100369e-01
6.103390e-03,-1.310463e+01,-9.100369e-01
6.303753e-03,-1.310676e+01,-9.100369e-01
6.510694e-03,-1.310897e+01,-9.100369e-01
6.724427e-03,-1.311125e+01,-9.100369e-01
6.945178e-03,-1.311360e+01,-9.100369e-01
7.173175e-03,-1.311603e+01,-9.100370e-01
7.408657e-03,-1.311855e+01,-9.100370e-01
7.651869e-03,-1.312114e+01,-9.100370e-01
7.903066e-03,-1.312382e+01,-9.100370e-01
8.162509e-03,-1.312659e+01,-9.100371e-01
8.430468e-03,-1.312945e+01,-9.100371e-01
8.707225e-03,-1.313241e+01,-9.100371e-01
8.993067e-03,-1.313546e+01,-9.100371e-01
9.288292e-03,-1.313861e+01,-9.100372e-01
9.593209e-03,-1.314187e+01,-9.100372e-01
9.908137e-03,-1.314524e+01,-9.100372e-01
1.023340e-02,-1.314871e+01,-9.100373e-01
1.056935e-02,-1.315231e+01,-9.100373e-01
1.091632e-02,-1.315602e+01,-9.100373e-01
1.127468e-02,-1.315985e+01,-9.100374e-01
1.164481e-02,-1.316381e+01,-9.100374e-01
1.202708e-02,-1.316791e+01,-9.100374e-01
1.242191e-02,-1.317213e+01,-9.100375e-01
1.282970e-02,-1.317650e+01,-9.100375e-01
1.325087e-02,-1.318102e+01,-9.100375e-01
1.368587e-02,-1.318568e+01,-9.100376e-01
1.413516e-02,-1.319050e+01,-9.100376e-01
1.459919e-02,-1.319547e+01,-9.100377e-01
1.507845e-02,-1.320062e+01,-9.100377e-01
1.557345e-02,-1.320593e+01,-9.100378e-01
1.608469e-02,-1.321142e+01,-9.100378e-01
1.661273e-02,-1.321709e+01,-9.100379e-01
1.715809e-02,-1.322295e+01,-9.100379e-01
1.772136e-02,-1.322901e+01,-9.100380e-01
1.830312e-02,-1.323527e+01,-9.100380e-01
1.890397e-02,-1.324173e+01,-9.100381e-01
1.952456e-02,-1.324841e+01,-9.100381e-01
2.016551e-02,-1.325532e+01,-9.100382e-01
2.082751e-02,-1.326245e+01,-9.100383e-01
2.151123e-02,-1.326982e+01,-9.100383e-01
2.221741e-02,-1.327744e+01,-9.100384e-01
2.294676e-02,-1.328532e+01,-9.100385e-01
2.370006e-02,-1.329345e+01,-9.100385e-01
2.447809e-02,-1.330186e+01,-9.100386e-01
2.528166e-02,-1.331055e+01,-9.100387e-01
2.611161e-02,-1.331953e+01,-9.100388e-01
2.696881e-02,-1.332881e+01,-9.100388e-01
2.785414e-02,-1.333841e+01,-9.100389e-01
2.876854e-02,-1.334832e+01,-9.100390e-01
2.971296e-02,-1.335857e+01,-9.100391e-01
3.068838e-02,-1.336916e+01,-9.100392e-01
3.169582e-02,-1.338011e+01,-9.100393e-01
3.273634e-02,-1.339142e+01,-9.100394e-01
3.381101e-02,-1.340312e+01,-9.100395e-01
3.492096e-02,-1.341521e+01,-9.100396e-01
3.606735e-02,-1.342771e+01,-9.100397e-01
3.725137e-02,-1.344063e+01,-9.100398e-01
3.847427e-02,-1.345399e+01,-9.100400e-01
3.973730e-02,-1.346780e+01,-9.100401e-01
4.104181e-02,-1.348208e+01,-9.100402e-01
4.238913e-02,-1.349684e+01,-9.100404e-01
4.378069e-02,-1.351210e+01,-9.100405e-01
4.521792e-02,-1.352788e+01,-9.100406e-01
4.670234e-02,-1.354419e+01,-9.100408e-01
4.823549e-02,-1.356107e+01,-9.100409e-01
4.981898e-02,-1.357851e+01,-9.100411e-01
5.145444e-02,-1.359656e+01,-9.100413e-01
5.314359e-02,-1.361521e+01,-9.100414e-01
5.488820e-02,-1.363451e+01,-9.100416e-01
5.669007e-02,-1.365447e+01,-9.100418e-01
5.855110e-02,-1.367511e+01,-9.100420e-01
6.047322e-02,-1.369646e+01,-9.100422e-01
6.245845e-02,-1.371854e+01,-9.100424e-01
6.450884e-02,-1.374139e+01,-9.100426e-01
6.662655e-02,-1.376502e+01,-9.100428e-01
6.881377e-02,-1.378947e+01,-9.100431e-01
7.107280e-02,-1.381477e+01,-9.100433e-01
7.340598e-02,-1.384094e+01,-9.100435e-01
7.581576e-02,-1.386802e+01,-9.100438e-01
7.830465e-02,-1.389605e+01,-9.100441e-01
8.087525e-02,-1.392505e+01,-9.100443e-01
8.353023e-02,-1.395506e+01,-9.100446e-01
8.627237e-02,-1.398612e+01,-9.100449e-01
8.910453e-02,-1.401827e+01,-9.100452e-01
9.202967e-02,-1.405155e+01,-9.100455e-01
9.505083e-02,-1.408601e+01,-9.100459e-01
9.817117e-02,-1.412167e+01,-9.100462e-01
1.013939e-01,-1.415860e+01,-9.100466e-01
1.047225e-01,-1.419684e+01,-9.100469e-01
1.081604e-01,-1.423643e+01,-9.100473e-01
1.117111e-01,-1.427744e+01,-9.100477e-01
1.153783e-01,-1.431991e+01,-9.100481e-01
1.191660e-01,-1.436389e+01,-9.100486e-01
1.230780e-01,-1.440946e+01,-9.100490e-01
1.271184e-01,-1.445667e+01,-9.100495e-01
1.312915e-01,-1.450558e+01,-9.100500e-01
1.356015e-01,-1.455626e+01,-9.100505e-01
1.400531e-01,-1.460877e+01,-9.100510e-01
1.446507e-01,-1.466320e+01,-9.100515e-01
1.493993e-01,-1.471962e+01,-9.100521e-01
1.543038e-01,-1.477810e+01,-9.100527e-01
1.593694e-01,-1.483874e+01,-9.100533e-01
1.646012e-01,-1.490160e+01,-9.100540e-01
1.700047e-01,-1.496680e+01,-9.100546e-01
1.755856e-01,-1.503441e+01,-9.100553e-01
1.813498e-01,-1.510454e+01,-9.100561e-01
1.873032e-01,-1.517730e+01,-9.100568e-01
1.934520e-01,-1.525278e+01,-9.100576e-01
1.998026e-01,-1.533111e+01,-9.100584e-01
2.063618e-01,-1.541240e+01,-9.100593e-01
2.131362e-01,-1.549678e+01,-9.100602e-01
2.201331e-01,-1.558437e+01,-9.100612e-01
2.273597e-01,-1.567532e+01,-9.100621e-01
2.348235e-01,-1.576976e+01,-9.100632e-01
2.425323e-01,-1.586785e+01,-9.100642e-01
2.504942e-01,-1.596974e+01,-9.100654e-01
2.587174e-01,-1.607560e+01,-9.100665e-01
2.672106e-01,-1.618561e+01,-9.100678e-01
2.759826e-01,-1.629993e+01,-9.100691e-01
2.850426e-01,-1.641878e+01,-9.100704e-01
2.944000e-01,-1.654233e+01,-9.100718e-01
3.040646e-01,-1.667082e+01,-9.100733e-01
3.140465e-01,-1.680445e+01,-9.100749e-01
3.243561e-01,-1.694345e+01,-9.100765e-01
3.350041e-01,-1.708809e+01,-9.100782e-01
3.460016e-01,-1.723860e+01,-9.100800e-01
3.573602e-01,-1.739527e+01,-9.100819e-01
3.690917e-01,-1.755837e+01,-9.100839e-01
3.812083e-01,-1.772820e+01,-9.100859e-01
3.937226e-01,-1.790509e+01,-9.100881e-01
4.066478e-01,-1.808935e+01,-9.100904e-01
4.199973e-01,-1.828134e+01,-9.100928e-01
4.337850e-01,-1.848143e+01,-9.100954e-01
4.480254e-01,-1.869000e+01,-9.100981e-01
4.627332e-01,-1.890746e+01,-9.101009e-01
4.779239e-01,-1.913423e+01,-9.101039e-01
4.936132e-01,-1.937077e+01,-9.101070e-01
5.098176e-01,-1.961755e+01,-9.101103e-01
5.265540e-01,-1.987507e+01,-9.101138e-01
5.438397e-01,-2.014386e+01,-9.101175e-01
5.616930e-01,-2.042447e+01,-9.101214e-01
5.801323e-01,-2.071749e+01,-9.101255e-01
5.991770e-01,-2.102353e+01,-9.101299e-01
6.188468e-01,-2.134323e+01,-9.101345e-01
6.391624e-01,-2.167730e+01,-9.101394e-01
6.601449e-01,-2.202643e+01,-9.101445e-01
6.818162e-01,-2.239140e+01,-9.101500e-01
7.041990e-01,-2.277300e+01,-9.101558e-01
7.273165e-01,-2.317206e+01,-9.101620e-01
7.511929e-01,-2.358949e+01,-9.101685e-01
7.758532e-01,-2.402620e+01,-9.101754e-01
8.013230e-01,-2.448319e+01,-9.101828e-01
8.276289e-01,-2.496148e+01,-9.101906e-01
8.547985e-01,-2.546217e+01,-9.101989e-01
8.828599e-01,-2.598641e+01,-9.102078e-01
9.118425e-01,-2.653540e+01,-9.102172e-01
9.417766e-01,-2.711042e+01,-9.102273e-01
9.726934e-01,-2.771280e+01,-9.102380e-01
1.004625e+00,-2.834396e+01,-9.102494e-01
1.037605e+00,-2.900537e+01,-9.102615e-01
1.071668e+00,-2.969861e+01,-9.102745e-01
1.106848e+00,-3.042530e+01,-9.102884e-01
1.143184e+00,-3.118718e+01,-9.103032e-01
1.180713e+00,-3.198607e+01,-9.103190e-01
1.219473e+00,-3.282387e+01,-9.103359e-01
1.259506e+00,-3.370260e+01,-9.103540e-01
1.300854e+00,-3.462436e+01,-9.103734e-01
1.343558e+00,-3.559138e+01,-9.103942e-01
1.387665e+00,-3.660598e+01,-9.104165e-01
1.433219e+00,-3.767062e+01,-9.104403e-01
1.480269e+00,-3.878787e+01,-9.104659e-01
1.528864e+00,-3.996042e+01,-9.104934e-01
1.579053e+00,-4.119111e+01,-9.105229e-01
1.630891e+00,-4.248291e+01,-9.105546e-01
1.684430e+00,-4.383894e+01,-9.105887e-01
1.739726e+00,-4.526247e+01,-9.106254e-01
1.796838e+00,-4.675691e+01,-9.106648e-01
1.855825e+00,-4.832585e+01,-9.107073e-01
1.916748e+00,-4.997303e+01,-9.107530e-01
1.979672e+00,-5.170237e+01,-9.108023e-01
2.044661e+00,-5.351797e+01,-9.108554e-01
2.111783e+00,-5.542411e+01,-9.109126e-01
2.181109e+00,-5.742522e+01,-9.109744e-01
2.252711e+00,-5.952596e+01,-9.110411e-01
2.326663e+00,-6.173115e+01,-9.111132e-01
2.403043e+00,-6.404581e+01,-9.111910e-01
2.481930e+00,-6.647512e+01,-9.112751e-01
2.563407e+00,-6.902448e+01,-9.113661e-01
2.647559e+00,-7.169945e+01,-9.114645e-01
2.734474e+00,-7.450573e+01,-9.115710e-01
2.824241e+00,-7.744924e+01,-9.116863e-01
2.916956e+00,-8.053598e+01,-9.118112e-01
3.012714e+00,-8.377211e+01,-9.119465e-01
3.111616e+00,-8.716388e+01,-9.120931e-01
3.213764e+00,-9.071760e+01,-9.122521e-01
3.319266e+00,-9.443962e+01,-9.124245e-01
3.428231e+00,-9.833627e+01,-9.126117e-01
3.540774e+00,-1.024138e+02,-9.128148e-01
3.657011e+00,-1.066783e+02,-9.130353e-01
3.777064e+00,-1.111357e+02,-9.132748e-01
3.901058e+00,-1.157915e+02,-9.135351e-01
4.029122e+00,-1.206509e+02,-9.138179e-01
4.161391e+00,-1.257184e+02,-9.141253e-01
4.298001e+00,-1.309977e+02,-9.144596e-01
4.439097e+00,-1.364918e+02,-9.148233e-01
4.584824e+00,-1.422024e+02,-9.152189e-01
4.735335e+00,-1.481297e+02,-9.156495e-01
4.890787e+00,-1.542724e+02,-9.161181e-01
5.051342e+00,-1.606269e+02,-9.166284e-01
5.217169e+00,-1.671873e+02,-9.171840e-01
5.388438e+00,-1.739445e+02,-9.177892e-01
5.565331e+00,-1.808861e+02,-9.184485e-01
5.748030e+00,-1.879953e+02,-9.191669e-01
5.936727e+00,-1.952507e+02,-9.199496e-01
6.131619e+00,-2.026249e+02,-9.208027e-01
6.332908e+00,-2.100838e+02,-9.217325e-01
6.540806e+00,-2.175855e+02,-9.227461e-01
6.755528e+00,-2.250790e+02,-9.238510e-01
6.977300e+00,-2.325027e+02,-9.250556e-01
7.206351e+00,-2.397828e+02,-9.263688e-01
7.442922e+00,-2.468313e+02,-9.278005e-01
7.687260e+00,-2.535440e+02,-9.293613e-01
7.939618e+00,-2.597982e+02,-9.310627e-01
8.200261e+00,-2.654498e+02,-9.329172e-01
8.469460e+00,-2.703306e+02,-9.349384e-01
8.747496e+00,-2.742445e+02,-9.371409e-01
9.034660e+00,-2.769644e+02,-9.395405e-01
9.331251e+00,-2.782280e+02,-9.421541e-01
9.637579e+00,-2.777330e+02,-9.450001e-01
9.953962e+00,-2.751331e+02,-9.480981e-01
1.028073e+01,-2.700321e+02,-9.514691e-01
1.061823e+01,-2.619792e+02,-9.551357e-01
1.096681e+01,-2.504631e+02,-9.591216e-01
1.132683e+01,-2.349062e+02,-9.634522e-01
1.169866e+01,-2.146592e+02,-9.681545e-01
1.208271e+01,-1.889951e+02,-9.732568e-01
1.247936e+01,-1.571044e+02,-9.787886e-01
1.288904e+01,-1.180907e+02,-9.847810e-01
1.331216e+01,-7.096691e+01,-9.912661e-01
1.374917e+01,-1.465370e+01,-9.982769e-01
1.420053e+01,5.202064e+01,-1.005847e+00
1.466671e+01,1.303177e+02,-1.014012e+00
1.514819e+01,2.215830e+02,-1.022805e+00
1.564548e+01,3.272368e+02,-1.032260e+00
1.615909e+01,4.487597e+02,-1.042412e+00
1.668956e+01,5.876734e+02,-1.053291e+00
1.723745e+01,7.455157e+02,-1.064927e+00
1.780332e+01,9.238084e+02,-1.077349e+00
1.838777e+01,1.124020e+03,-1.090579e+00
1.899141e+01,1.347519e+03,-1.104637e+00
1.961486e+01,1.595526e+03,-1.119537e+00
2.025878e+01,1.869052e+03,-1.135286e+00
2.092383e+01,2.168842e+03,-1.151887e+00
2.161073e+01,2.495307e+03,-1.169330e+00
2.232016e+01,2.848466e+03,-1.187603e+00
2.305289e+01,3.227880e+03,-1.206679e+00
2.380968e+01,3.632607e+03,-1.226523e+00
2.459130e+01,4.061150e+03,-1.247093e+00
2.539859e+01,4.511438e+03,-1.268332e+00
2.623238e+01,4.980811e+03,-1.290177e+00
2.709354e+01,5.466032e+03,-1.312554e+00
2.798297e+01,5.963323e+03,-1.335381e+00
2.890160e+01,6.468422e+03,-1.358567e+00
2.985038e+01,6.976667e+03,-1.382017e+00
3.083031e+01,7.483091e+03,-1.405629e+00
3.184242e+01,7.982548e+03,-1.429300e+00
3.288774e+01,8.469842e+03,-1.452925e+00
3.396739e+01,8.939860e+03,-1.476399e+00
3.508247e+01,9.387709e+03,-1.499620e+00
3.623416e+01,9.808845e+03,-1.522492e+00
3.742366e+01,1.019918e+04,-1.544922e+00
3.865221e+01,1.055519e+04,-1.566827e+00
3.992109e+01,1.087396e+04,-1.588130e+00
4.123163e+01,1.115326e+04,-1.608765e+00
4.258518e+01,1.139154e+04,-1.628676e+00
4.398317e+01,1.158796e+04,-1.647816e+00
4.542706e+01,1.174232e+04,-1.666148e+00
4.691835e+01,1.185505e+04,-1.683648e+00
4.845859e+01,1.192712e+04,-1.700297e+00
5.004939e+01,1.196001e+04,-1.716088e+00
5.169242e+01,1.195558e+04,-1.731022e+00
5.338938e+01,1.191605e+04,-1.745105e+00
5.514206e+01,1.184386e+04,-1.758353e+00
5.695227e+01,1.174164e+04,-1.770785e+00
5.882190e+01,1.161213e+04,-1.782425e+00
6.075292e+01,1.145811e+04,-1.793301e+00
6.274732e+01,1.128233e+04,-1.803444e+00
6.480720e+01,1.108750e+04,-1.812887e+00
6.693470e+01,1.087625e+04,-1.821664e+00
6.913204e+01,1.065106e+04,-1.829812e+00
7.140151e+01,1.041428e+04,-1.837366e+00
7.374549e+01,1.016810e+04,-1.844361e+00
7.616642e+01,9.914543e+03,-1.850834e+00
7.866682e+01,9.655468e+03,-1.856818e+00
8.124930e+01,9.392553e+03,-1.862347e+00
8.391656e+01,9.127313e+03,-1.867453e+00
8.667139e+01,8.861099e+03,-1.872167e+00
8.951665e+01,8.595109e+03,-1.876519e+00
9.245531e+01,8.330397e+03,-1.880536e+00
9.549045e+01,8.067879e+03,-1.884245e+00
9.862522e+01,7.808348e+03,-1.887671e+00
1.018629e+02,7.552481e+03,-1.890837e+00
1.052069e+02,7.300850e+03,-1.893765e+00
1.086606e+02,7.053933e+03,-1.896475e+00
1.122277e+02,6.812124e+03,-1.898987e+00
1.159120e+02,6.575739e+03,-1.901317e+00
1.197171e+02,6.345026e+03,-1.903483e+00
1.236472e+02,6.120174e+03,-1.905498e+00
1.277063e+02,5.901321e+03,-1.907378e+00
1.318987e+02,5.688557e+03,-1.909136e+00
1.362287e+02,5.481930e+03,-1.910782e+00
1.407008e+02,5.281458e+03,-1.912328e+00
1.453198e+02,5.087124e+03,-1.913785e+00
1.500903e+02,4.898890e+03,-1.915161e+00
1.550175e+02,4.716693e+03,-1.916465e+00
1.601064e+02,4.540453e+03,-1.917705e+00
1.653624e+02,4.370075e+03,-1.918889e+00
1.707910e+02,4.205451e+03,-1.920022e+00
1.763977e+02,4.046463e+03,-1.921111e+00
1.821885e+02,3.892985e+03,-1.922162e+00
1.881694e+02,3.744885e+03,-1.923180e+00
1.943467e+02,3.602026e+03,-1.924169e+00
2.007267e+02,3.464267e+03,-1.925135e+00
2.073162e+02,3.331465e+03,-1.926080e+00
2.141220e+02,3.203477e+03,-1.927009e+00
2.211512e+02,3.080159e+03,-1.927926e+00
2.284112e+02,2.961366e+03,-1.928832e+00
2.359095e+02,2.846956e+03,-1.929732e+00
2.436540e+02,2.736787e+03,-1.930628e+00
2.516527e+02,2.630720e+03,-1.931523e+00
2.599140e+02,2.528618e+03,-1.932418e+00
2.684465e+02,2.430346e+03,-1.933316e+00
2.772591e+02,2.335773e+03,-1.934220e+00
2.863610e+02,2.244771e+03,-1.935130e+00
2.957617e+02,2.157212e+03,-1.936048e+00
3.054710e+02,2.072977e+03,-1.936978e+00
3.154990e+02,1.991945e+03,-1.937918e+00
3.258562e+02,1.914000e+03,-1.938872e+00
3.365535e+02,1.839032e+03,-1.939841e+00
3.476019e+02,1.766931e+03,-1.940825e+00
3.590130e+02,1.697591e+03,-1.941827e+00
3.707988e+02,1.630912e+03,-1.942846e+00
3.829714e+02,1.566793e+03,-1.943885e+00
3.955436e+02,1.505140e+03,-1.944944e+00
4.085286e+02,1.445861e+03,-1.946024e+00
4.219398e+02,1.388866e+03,-1.947126e+00
4.357913e+02,1.334070e+03,-1.948251e+00
4.500975e+02,1.281389e+03,-1.949400e+00
4.648734e+02,1.230744e+03,-1.950574e+00
4.801343e+02,1.182057e+03,-1.951772e+00
4.958962e+02,1.135254e+03,-1.952997e+00
5.121755e+02,1.090263e+03,-1.954248e+00
5.289893e+02,1.047016e+03,-1.955526e+00
5.463550e+02,1.005445e+03,-1.956832e+00
5.642908e+02,9.654862e+02,-1.958167e+00
5.828155e+02,9.270784e+02,-1.959531e+00
6.019482e+02,8.901619e+02,-1.960924e+00
6.217090e+02,8.546795e+02,-1.962347e+00
6.421186e+02,8.205762e+02,-1.963800e+00
6.631981e+02,7.877989e+02,-1.965284e+00
6.849697e+02,7.562965e+02,-1.966799e+00
7.074559e+02,7.260203e+02,-1.968346e+00
7.306804e+02,6.969228e+02,-1.969924e+00
7.546673e+02,6.689586e+02,-1.971535e+00
7.794416e+02,6.420843e+02,-1.973178e+00
8.050292e+02,6.162575e+02,-1.974853e+00
8.314568e+02,5.914381e+02,-1.976561e+00
8.587519e+02,5.675872e+02,-1.978302e+00
8.869432e+02,5.446674e+02,-1.980076e+00
9.160598e+02,5.226427e+02,-1.981883e+00
9.461324e+02,5.014788e+02,-1.983723e+00
9.771921e+02,4.811423e+02,-1.985597e+00
1.009272e+03,4.616013e+02,-1.987503e+00
1.042404e+03,4.428251e+02,-1.989442e+00
1.076624e+03,4.247843e+02,-1.991414e+00
1.111968e+03,4.074504e+02,-1.993418e+00
1.148472e+03,3.907962e+02,-1.995455e+00
1.186174e+03,3.747955e+02,-1.997524e+00
1.225114e+03,3.594231e+02,-1.999625e+00
1.265332e+03,3.446547e+02,-2.001757e+00
1.306870e+03,3.304671e+02,-2.003920e+00
1.349772e+03,3.168379e+02,-2.006114e+00
1.394083e+03,3.037456e+02,-2.008338e+00
1.439848e+03,2.911696e+02,-2.010592e+00
1.487115e+03,2.790899e+02,-2.012874e+00
1.535935e+03,2.674874e+02,-2.015185e+00
1.586357e+03,2.563438e+02,-2.017523e+00
1.638434e+03,2.456414e+02,-2.019889e+00
1.692220e+03,2.353633e+02,-2.022280e+00
1.747773e+03,2.254931e+02,-2.024697e+00
1.805149e+03,2.160151e+02,-2.027138e+00
1.864409e+03,2.069144e+02,-2.029603e+00
1.925614e+03,1.981763e+02,-2.032090e+00
1.988828e+03,1.897870e+02,-2.034599e+00
2.054117e+03,1.817330e+02,-2.037128e+00
2.121550e+03,1.740016e+02,-2.039677e+00
2.191197e+03,1.665802e+02,-2.042244e+00
2.263130e+03,1.594570e+02,-2.044829e+00
2.337424e+03,1.526206e+02,-2.047429e+00
2.414157e+03,1.460598e+02,-2.050044e+00
2.493409e+03,1.397642e+02,-2.052673e+00
2.575263e+03,1.337235e+02,-2.055314e+00
2.659804e+03,1.279279e+02,-2.057966e+00
2.747121e+03,1.223681e+02,-2.060627e+00
2.837304e+03,1.170349e+02,-2.063297e+00
2.930447e+03,1.119196e+02,-2.065974e+00
3.026648e+03,1.070137e+02,-2.068656e+00
3.126007e+03,1.023094e+02,-2.071343e+00
3.228628e+03,9.779871e+01,-2.074032e+00
3.334618e+03,9.347418e+01,-2.076723e+00
3.444087e+03,8.932865e+01,-2.079414e+00
3.557150e+03,8.535516e+01,-2.082103e+00
3.673925e+03,8.154707e+01,-2.084790e+00
3.794533e+03,7.789790e+01,-2.087472e+00
3.919100e+03,7.440152e+01,-2.090149e+00
4.047757e+03,7.105196e+01,-2.092818e+00
4.180637e+03,6.784350e+01,-2.095480e+00
4.317880e+03,6.477061e+01,-2.098132e+00
4.459628e+03,6.182798e+01,-2.100773e+00
4.606029e+03,5.901048e+01,-2.103402e+00
4.757236e+03,5.631318e+01,-2.106016e+00
4.913407e+03,5.373135e+01,-2.108616e+00
5.074705e+03,5.126043e+01,-2.111201e+00
5.241298e+03,4.889599e+01,-2.113768e+00
5.413360e+03,4.663380e+01,-2.116316e+00
5.591071e+03,4.446980e+01,-2.118845e+00
5.774615e+03,4.240003e+01,-2.121354e+00
5.964185e+03,4.042070e+01,-2.123840e+00
6.159978e+03,3.852818e+01,-2.126304e+00
6.362198e+03,3.671896e+01,-2.128745e+00
6.571058e+03,3.498964e+01,-2.131161e+00
6.786773e+03,3.333699e+01,-2.133552e+00
7.009570e+03,3.175785e+01,-2.135917e+00
7.239681e+03,3.024922e+01,-2.138254e+00
7.477346e+03,2.880817e+01,-2.140564e+00
7.722814e+03,2.743194e+01,-2.142846e+00
7.976339e+03,2.611779e+01,-2.145098e+00
8.238187e+03,2.486318e+01,-2.147321e+00
8.508632e+03,2.366557e+01,-2.149513e+00
8.787954e+03,2.252259e+01,-2.151675e+00
9.076446e+03,2.143195e+01,-2.153806e+00
9.374409e+03,2.039137e+01,-2.155905e+00
9.682153e+03,1.939876e+01,-2.157972e+00
1.000000e+04,1.845207e+01,-2.160007e+00
