n,beta,viable,z_t,Qtilde_max_z0_5
0.05,1e-06,True,0.772177211318826,-0.03133948659897299
0.05,2.1544346900318822e-06,True,0.7721753859235824,-0.031339269435180984
0.05,4.641588833612782e-06,True,0.7721714532775449,-0.03133880157167785
0.05,9.999999999999999e-06,True,0.772162980874981,-0.03133779359822459
0.05,2.1544346900318823e-05,True,0.7721447286881501,-0.031335622021955715
0.05,4.641588833612772e-05,True,0.7721054104218278,-0.03133094367307453
0.05,0.0001,True,0.7720207244187264,-0.031320865266643745
0.05,0.00021544346900318823,True,0.7718383789263509,-0.03129915566755974
0.05,0.00046415888336127773,True,0.7714460138396201,-0.03125240077869212
0.05,0.001,True,0.7706029378177545,0.027775102174111835
0.05,0.002154434690031882,True,0.768818680906673,0.37349140894309774
0.05,0.004641588833612777,True,0.7650459290602472,0.8940445737722142
0.05,0.01,True,0.7571255948689393,1.4296129931831247
0.05,0.021544346900318822,True,0.7411614044082002,1.6256764662346421
0.05,0.046415888336127725,True,0.7110177437177246,1.3430182307709673
0.05,0.1,True,0.6602672954395463,0.9287545093027788
0.07500000000000001,1e-06,True,0.8296990080572345,-0.04467578310497081
0.07500000000000001,2.1544346900318822e-06,True,0.8296969237119873,-0.044675576721180256
0.07500000000000001,4.641588833612782e-06,True,0.8296924331851955,-0.0446751320824016
0.07500000000000001,9.999999999999999e-06,True,0.8296827589117005,-0.04467417414470786
0.07500000000000001,2.1544346900318823e-05,True,0.8296619175893949,-0.044672110365392995
0.07500000000000001,4.641588833612772e-05,True,0.8296170222065828,-0.04466766424955212
0.07500000000000001,0.0001,True,0.8295203253407671,-0.044658086134789686
0.07500000000000001,0.00021544346900318823,True,0.8293121248839603,-0.04463745419928468
0.07500000000000001,0.00046415888336127773,True,0.828864157238969,-0.04459302022112014
0.07500000000000001,0.001,True,0.8279017521887827,-0.04449736514779394
0.07500000000000001,0.002154434690031882,True,0.8258407926574818,0.19963972760170112
0.07500000000000001,0.004641588833612777,True,0.8215254179571917,0.7782275062987174
0.07500000000000001,0.01,True,0.8125056306304066,1.4118129078998463
0.07500000000000001,0.021544346900318822,True,0.7943603825847488,1.711366345824764
0.07500000000000001,0.046415888336127725,True,0.7603225986319947,1.4700779647453375
0.07500000000000001,0.1,True,0.703563058290289,1.0124170062708353
0.1,1e-06,True,0.8924273701696946,-0.05675066956484415
0.1,2.1544346900318822e-06,True,0.8924249830052254,-0.056750472941431464
0.1,4.641588833612782e-06,True,0.8924198400867344,-0.05675004933067292
0.1,9.999999999999999e-06,True,0.892408760336384,-0.056749136696119744
0.1,2.1544346900318823e-05,True,0.8923848912771192,-0.05674717051781277
0.1,4.641588833612772e-05,True,0.8923334740909079,-0.05674293466931205
0.1,0.0001,True,0.8922227322624686,-0.05673380952626402
0.1,0.00021544346900318823,True,0.8919842999113351,-0.05671415332381599
0.1,0.00046415888336127773,True,0.8914713249114312,-0.05667182073363501
0.1,0.001,True,0.8903694441475792,-0.05658068941510094
0.1,0.002154434690031882,True,0.8880106468093087,-0.01556977671672762
0.1,0.004641588833612777,True,0.8830208350907702,0.6201074193273256
0.1,0.01,True,0.8727211254999784,1.3574800486986716
0.1,0.021544346900318822,True,0.8520353835996045,1.7781276258253986
0.1,0.046415888336127725,True,0.8135024023840618,1.597258055440934
0.1,0.1,True,0.7499449410517716,1.1059288836514023
0.125,1e-06,True,0.9610507368943776,-0.06773502968271015
0.125,2.1544346900318822e-06,True,0.9610479940293968,-0.06773484193818058
0.125,4.641588833612782e-06,True,0.961042084793233,-0.06773443745632617
0.125,9.999999999999999e-06,True,0.961029354135035,-0.0677335660334243
0.125,2.1544346900318823e-05,True,0.9610019286438876,-0.06773168864142781
0.125,4.641588833612772e-05,True,0.9609428509410588,-0.06772764407026897
0.125,0.0001,True,0.9608156123759433,-0.06771893098943377
0.125,0.00021544346900318823,True,0.9605416729383697,-0.0677001623980877
0.125,0.00046415888336127773,True,0.9599523578891987,-0.06765974141199803
0.125,0.001,True,0.9586867350297517,-0.06757272529172166
0.125,0.002154434690031882,True,0.9559785016928967,-0.06738557093931521
0.125,0.004641588833612777,True,0.9502277403032089,0.41533537335381365
0.125,0.01,True,0.938383889065569,1.2599044537740163
0.125,0.021544346900318822,True,0.9147281367231737,1.8190084129374169
0.125,0.046415888336127725,True,0.8709901146393618,1.7208241798663197
0.125,0.1,True,0.7997009660858772,1.2103748220141544
0.15000000000000002,1e-06,True,1.0363728344471945,-0.07777021452064763
0.15000000000000002,2.1544346900318822e-06,True,1.036369671755805,-0.07777003488776334
0.15000000000000002,4.641588833612782e-06,True,1.0363628580511481,-0.07776964788185534
0.15000000000000002,9.999999999999999e-06,True,1.03634817886788,-0.07776881410944325
0.15000000000000002,2.1544346900318823e-05,True,1.0363165558393779,-0.07776701783159701
0.15000000000000002,4.641588833612772e-05,True,1.036248436824106,-0.07776314800921372
0.15000000000000002,0.0001,True,1.0361017286547616,-0.07775481138366824
0.15000000000000002,0.00021544346900318823,True,1.0357858863965377,-0.07773685370359754
0.15000000000000002,0.00046415888336127773,True,1.0351064942688757,-0.0776981791369795
0.15000000000000002,0.001,True,1.0336477280455372,-0.07761492261441458
0.15000000000000002,0.002154434690031882,True,1.030527603050258,-0.07743585440826195
0.15000000000000002,0.004641588833612777,True,1.0239085089844329,0.1605250690558352
0.15000000000000002,0.01,True,1.0102030164167968,1.1126062730615898
0.15000000000000002,0.021544346900318822,True,0.9830623056660119,1.8262228405929868
0.15000000000000002,0.046415888336127725,True,0.9332790163704182,1.836017927048945
0.15000000000000002,0.1,True,0.8531455061766442,1.3273666140890625
0.175,1e-06,True,1.1194445116807832,-0.0869741581679465
0.175,2.1544346900318822e-06,True,1.119440780549118,-0.08697398597479826
0.175,4.641588833612782e-06,True,1.119432742205515,-0.0869736149972573
0.175,9.999999999999999e-06,True,1.119415424749996,-0.08697281575664427
0.175,2.1544346900318823e-05,True,1.119378118350536,-0.08697109387404633
0.175,4.641588833612772e-05,True,1.1192977577341354,-0.0869673843255303
0.175,0.0001,True,1.11912468905597,-0.08695939297247637
0.175,0.00021544346900318823,True,1.1187521160793261,-0.08694217903373203
0.175,0.00046415888336127773,True,1.1179507848294608,-0.0869051062259915
0.175,0.001,True,1.1162306155712032,-0.08682529788360775
0.175,0.002154434690031882,True,1.1125737354104606,-0.08665364602659524
0.175,0.004641588833612777,True,1.1049276415425957,-0.08628517379511888
0.175,0.01,True,1.0890165065760335,0.9098211595479427
0.175,0.021544346900318822,True,1.0577573297130967,1.79137250991328
0.175,0.046415888336127725,True,1.000931864767539,1.9369545138217694
0.175,0.1,True,0.9106583570558017,1.4541931424826324
0.2,1e-06,True,1.2113802657502808,-0.09544603411722809
0.2,2.1544346900318822e-06,True,1.2113759293543385,-0.09544586877207059
0.2,4.641588833612782e-06,True,1.211366587042347,-0.09544551254802469
0.2,9.999999999999999e-06,True,1.2113464604296758,-0.09544474509260387
0.2,2.1544346900318823e-05,True,1.2113031026159935,-0.09544309168796919
0.2,4.641588833612772e-05,True,1.2112097080165423,-0.09543952966538047
0.2,0.0001,True,1.211008574214137,-0.09543185612236851
0.2,0.00021544346900318823,True,1.2105756097126235,-0.0954153267688951
0.2,0.00046415888336127773,True,1.2096445063768735,-0.09537972831856384
0.2,0.001,True,1.2076463072465762,-0.09530309389334701
0.2,0.002154434690031882,True,1.2033770979468568,-0.09513826850032861
0.2,0.004641588833612777,True,1.1943412115748926,-0.09478445012966544
0.2,0.01,True,1.1759175048975423,0.6470980531878323
0.2,0.021544346900318822,True,1.1396451861113441,1.7058164451253095
0.2,0.046415888336127725,True,1.0745914433942456,2.016567457896601
0.2,0.1,True,0.9726676771708685,1.582031400956391
0.22500000000000003,1e-06,True,1.3135376163663572,-0.10326984305418163
0.22500000000000003,2.1544346900318822e-06,True,1.3135324547871075,-0.10326968403316904
0.22500000000000003,4.641588833612782e-06,True,1.3135213347207912,-0.10326934143403069
0.22500000000000003,9.999999999999999e-06,True,1.313497378280984,-0.10326860333235305
0.22500000000000003,2.1544346900318823e-05,True,1.3134457704150213,-0.10326701316737201
0.22500000000000003,4.641588833612772e-05,True,1.313334606535743,-0.1032635873855257
0.22500000000000003,0.0001,True,1.3130952127940367,-0.1032562073412691
0.22500000000000003,0.00021544346900318823,True,1.3125799254596524,-0.10324031020483858
0.22500000000000003,0.00046415888336127773,True,1.3114719517779883,-0.1032060733290563
0.22500000000000003,0.001,True,1.3090949477803357,-0.10313237002814356
0.22500000000000003,0.002154434690031882,True,1.304110419352,-0.10297384890000394
0.22500000000000003,0.004641588833612777,True,1.2935884018840476,-0.10263356342428372
0.22500000000000003,0.01,True,1.2719400951028512,0.3219870533031909
0.22500000000000003,0.021544346900318822,True,1.2298356306058638,1.5612181056275138
0.22500000000000003,0.046415888336127725,True,1.1549927474464459,2.066632838283911
0.22500000000000003,0.1,True,1.0396565366302972,1.7074535274471245
0.25,1e-06,True,1.4276824535406596,-0.1105172076213426
0.25,2.1544346900318822e-06,True,1.427676398208828,-0.1105170544585231
0.25,4.641588833612782e-06,True,1.4276633526705425,-0.11051672448043327
0.25,9.999999999999999e-06,True,1.4276352482037487,-0.11051601356976706
0.25,2.1544346900318823e-05,True,1.4275747049682377,-0.11051448198505415
0.25,4.641588833612772e-05,True,1.427444296375006,-0.11051118240597381
0.25,0.0001,True,1.4271634687773342,-0.11050407423600475
0.25,0.00021544346900318823,True,1.4265590428971036,-0.11048876273598643
0.25,0.00046415888336127773,True,1.4252596178723,-0.11045578711635466
0.25,0.001,True,1.422472869127564,-0.11038479897970452
0.25,0.002154434690031882,True,1.4165274772831313,-0.11023211762938576
0.25,0.004641588833612777,True,1.4039818660099004,-0.10990436796890476
0.25,0.01,True,1.3785566925623507,-0.06523015990655011
0.25,0.021544346900318822,True,1.3293537918905773,1.3502854995095894
0.25,0.046415888336127725,True,1.2429770965477505,2.0779153658110743
0.25,0.1,True,1.1121919348078868,1.8260370901933463
0.275,1e-06,True,1.5558429098490252,-0.11724957139057496
0.275,2.1544346900318822e-06,True,1.5558356269408806,-0.11724942366966294
0.275,4.641588833612782e-06,True,1.55581993675804,-0.11724910541576455
0.275,9.999999999999999e-06,True,1.555786134987596,-0.11724841976390496
0.275,2.1544346900318823e-05,True,1.5557133191876145,-0.11724694259672148
0.275,4.641588833612772e-05,True,1.5555564789902998,-0.11724376025238512
0.275,0.0001,True,1.555218747195639,-0.11723690463720145
0.275,0.00021544346900318823,True,1.5544919147111682,-0.11722213715802367
0.275,0.00046415888336127773,True,1.552929649670555,-0.11719033316914572
0.275,0.001,True,1.5495806621995787,-0.1171218672560349
0.275,0.002154434690031882,True,1.5424423103991627,-0.11697461070644986
0.275,0.004641588833612777,True,1.527611248318859,-0.11665850606086388
0.275,0.01,True,1.4974019894832205,-0.11598276938569174
0.275,0.021544346900318822,True,1.4395846889340884,1.0676953014039046
0.275,0.046415888336127725,True,1.3395118908628076,2.040486666201454
0.275,0.1,True,1.1908626775744047,1.9322430311111525
0.3,1e-06,True,1.7004923035425004,-0.12351994514016675
0.3,2.1544346900318822e-06,True,1.7004834915924478,-0.12351980248772612
0.3,4.641588833612782e-06,True,1.7004645073108928,-0.12351949515347868
0.3,9.999999999999999e-06,True,1.7004236091872666,-0.12351883302710932
0.3,2.1544346900318823e-05,True,1.7003355073907391,-0.12351740654320144
0.3,4.641588833612772e-05,True,1.700145746727108,-0.12351433338869593
0.3,0.0001,True,1.6997371465763624,-0.12350771299741738
0.3,0.00021544346900318823,True,1.6988578951573816,-0.12349345220714034
0.3,0.00046415888336127773,True,1.6969684652163894,-0.12346273944906559
0.3,0.001,True,1.692920189312429,-0.12339662267881359
0.3,0.002154434690031882,True,1.6843474375807912,-0.1232544186678737
0.3,0.004641588833612777,True,1.6665816139968626,-0.12294915992993834
0.3,0.01,True,1.6305570522125576,-0.12229660854380695
0.3,0.021544346900318822,True,1.5622371703525297,0.7111513960132982
0.3,0.046415888336127725,True,1.4458567812262657,1.9442692827359496
0.3,0.1,True,1.276353648409624,2.0193309465344718
0.325,1e-06,True,1.8647847528036934,-0.1293743055571636
0.325,2.1544346900318822e-06,True,1.8647740214311928,-0.12937416763692233
0.325,4.641588833612782e-06,True,1.864750902050565,-0.12937387049785226
0.325,9.999999999999999e-06,True,1.864701095919989,-0.12937323033615425
0.325,2.1544346900318823e-05,True,1.8645938060891591,-0.12937185117289643
0.325,4.641588833612772e-05,True,1.8643627231544717,-0.12936887996392865
0.325,0.0001,True,1.8638651761298641,-0.12936247919042324
0.325,0.00021544346900318823,True,1.8627946614798214,-0.1293486914723366
0.325,0.00046415888336127773,True,1.8604948619598054,-0.12931899754642004
0.325,0.001,True,1.855570248776993,-0.12925507406312597
0.325,0.002154434690031882,True,1.8451881519640412,-0.1291175873758148
0.325,0.004641588833612777,True,1.8236611884244334,-0.1288224549644704
0.325,0.01,True,1.7803432897362028,-0.12819155061946255
0.325,0.021544346900318822,True,1.699137713056461,0.28247239450285105
0.325,0.046415888336127725,True,1.5631769318059494,1.7798517940501315
0.325,0.1,True,1.3694470329281052,2.0793451800514955
0.35000000000000003,1e-06,False,2.0526069955697195,-0.13485272448401373
0.35000000000000003,2.1544346900318822e-06,False,2.0525938342170837,-0.13485259099209065
0.35000000000000003,4.641588833612782e-06,False,2.052565479845237,-0.13485230339350804
0.35000000000000003,9.999999999999999e-06,False,2.0525043963931817,-0.13485168378600604
0.35000000000000003,2.1544346900318823e-05,False,2.052372815530403,-0.13485034890467257
0.35000000000000003,4.641588833612772e-05,False,2.0520894233712275,-0.13484747309474476
0.35000000000000003,0.0001,False,2.051479291807364,-0.13484127783611702
0.35000000000000003,0.00021544346900318823,False,2.0501667408334314,-0.13482793281158817
0.35000000000000003,0.00046415888336127773,False,2.047347888590449,-0.13479919229287257
0.35000000000000003,0.001,False,2.0413160055856636,-0.13473732125321483
0.35000000000000003,0.002154434690031882,False,2.028507926450409,-0.13460424896358517
0.35000000000000003,0.004641588833612777,False,2.0022597643180746,-0.13431859261030765
0.35000000000000003,0.01,True,1.9497412135932144,-0.13370794522786345
0.35000000000000003,0.021544346900318822,True,1.8525383347700581,-0.13241411360719024
0.35000000000000003,0.046415888336127725,True,1.693033984859723,1.5395929159681383
0.35000000000000003,0.1,True,1.4710591929859462,2.1032179653888368
0.375,1e-06,False,2.2687565577293785,-0.13999028738696098
0.375,2.1544346900318822e-06,False,2.268740291901582,-0.13999015804783516
0.375,4.641588833612782e-06,False,2.2687052494882862,-0.13998987939615043
0.375,9.999999999999999e-06,False,2.268629758700463,-0.13998927906400432
0.375,2.1544346900318823e-05,False,2.2684671456573358,-0.13998798570946447
0.375,4.641588833612772e-05,False,2.2681169314060057,-0.1399851993630434
0.375,0.0001,False,2.2673629969158293,-0.13997919683257787
0.375,0.00021544346900318823,False,2.2657413766025822,-0.1399662669581188
0.375,0.00046415888336127773,False,2.2622600890628837,-0.1399384205275576
0.375,0.001,False,2.2548167604056024,-0.1398784742326897
0.375,0.002154434690031882,False,2.2390385422498413,-0.13974954168594395
0.375,0.004641588833612777,False,2.206537308316898,-0.13947277180977602
0.375,0.01,False,2.142349131725734,-0.13888112104310413
0.375,0.021544346900318822,False,2.025260166977549,-0.13762753920140108
0.375,0.046415888336127725,True,1.8372596338530314,1.2189768573146913
0.375,0.1,True,1.582205665636345,2.0810487287293906
0.4,1e-06,False,2.5196265611357163,-0.1448178455610456
0.4,2.1544346900318822e-06,False,2.5196058728978206,-0.14481772012413385
0.4,4.641588833612782e-06,False,2.519561303257013,-0.1448174498794839
0.4,9.999999999999999e-06,False,2.519465289307595,-0.14481686765960308
0.4,2.1544346900318823e-05,False,2.519258472646227,-0.14481561332609622
0.4,4.641588833612772e-05,False,2.5188130811393137,-0.1448129110448811
0.4,0.0001,False,2.5178543555425104,-0.1448070896132035
0.4,0.00021544346900318823,False,2.5157927384081247,-0.144794549838321
0.4,0.00046415888336127773,False,2.5113690914848177,-0.14476754354590687
0.4,0.001,False,2.501921023502512,-0.14470940585516104
0.4,0.002154434690031882,False,2.4822248156691336,-0.14458436325584273
0.4,0.004641588833612777,False,2.441606308899678,-0.14431594363951977
0.4,0.01,False,2.362504206724544,-0.1437421432173564
0.4,0.021544346900318822,False,2.220485806611381,-0.14252638245018667
0.4,0.046415888336127725,True,1.9978546396086518,0.8180936784429692
0.4,0.1,True,1.7040090600825721,2.0026270413563516
0.425,1e-06,False,2.812873274330469,-0.1493626361569862
0.425,2.1544346900318822e-06,False,2.8128467170149904,-0.1493625143937217
0.425,4.641588833612782e-06,False,2.8127895036968207,-0.149362252063676
0.425,9.999999999999999e-06,False,2.81266625379376,-0.14936168689515944
0.425,2.1544346900318823e-05,False,2.8124007777170674,-0.1493604692970823
0.425,4.641588833612772e-05,False,2.811829094906569,-0.1493578461570693
0.425,0.0001,False,2.8105986840583332,-0.1493521952165673
0.425,0.00021544346900318823,False,2.807953593280655,-0.1493400226917154
0.425,0.00046415888336127773,False,2.8022814256409982,-0.14931380732751232
0.425,0.001,False,2.790412285615038,-0.1492573723043904
0.425,0.002154434690031882,False,2.7653963273338316,-0.14913599180418088
0.425,0.004641588833612777,False,2.7142573185665144,-0.14887543334272102
0.425,0.01,False,2.615441412232916,-0.14831843770569558
0.425,0.021544346900318822,False,2.44205042718162,-0.14713828269565385
0.425,0.046415888336127725,False,2.177159148375062,0.34300445949875946
0.425,0.1,True,1.8377582264586403,1.858262568255632
0.45,1e-06,False,3.1588559276039345,-0.15364879635645315
0.45,2.1544346900318822e-06,False,3.1588214995008865,-0.1536486780577797
0.45,4.641588833612782e-06,False,3.1587473304313165,-0.1536484231919419
0.45,9.999999999999999e-06,False,3.158587556717092,-0.15364787410444758
0.45,2.1544346900318823e-05,False,3.1582434214616986,-0.15364669115129706
0.45,4.641588833612772e-05,False,3.1575024070039928,-0.1536441426487979
0.45,0.0001,False,3.1559078047864553,-0.15363865249733022
0.45,0.00021544346900318823,False,3.1524809644375966,-0.15362682632341157
0.45,0.00046415888336127773,False,3.145137793857288,-0.15360135687806814
0.45,0.001,False,3.129792270821744,-0.1535465276288644
0.45,0.002154434690031882,False,3.0975609567592595,-0.15342860082869128
0.45,0.004641588833612777,False,3.0322850148374263,-0.1531754561673581
0.45,0.01,False,2.9080546149549837,-0.1526343090055701
0.45,0.021544346900318822,False,2.6946538420896706,-0.15148773353585085
0.45,0.046415888336127725,False,2.3780750198420777,-0.14910347674638555
0.45,0.1,True,1.9849468496190505,1.6399561582438307
